{"resourceType":"Basic","id":"actor-consumer-eu-lab","text":{"status":"generated","div":"<div xmlns=\"http://www.w3.org/1999/xhtml\"><p class=\"res-header-id\"><b>Generated Narrative: ActorDefinition actor-consumer-eu-lab</b></p><a name=\"actor-consumer-eu-lab\"> </a><a name=\"hcactor-consumer-eu-lab\"> </a><a name=\"actor-consumer-eu-lab-en-US\"> </a><table class=\"grid\"><tr><td><b>Actor: LabReportConsumer </b></td><td/><td>Type: system </td></tr><tr><td colspan=\"3\"><div><p>This actor represents the Laboratory Report consumers. That is the system using the report received or retrieved.\nUsing includes, but is not limited to, the report display, storage or processing.</p>\n</div></td></tr></table></div>"},"extension":[{"url":"http://hl7.org/fhir/5.0/StructureDefinition/extension-ActorDefinition.url","valueUri":"http://hl7.eu/fhir/laboratory/actor-consumer-eu-lab"},{"url":"http://hl7.org/fhir/5.0/StructureDefinition/extension-ActorDefinition.version","valueString":"0.0.1"},{"url":"http://hl7.org/fhir/5.0/StructureDefinition/extension-ActorDefinition.name","valueString":"LabReportConsumer"},{"url":"http://hl7.org/fhir/5.0/StructureDefinition/extension-ActorDefinition.status","valueCode":"active"},{"url":"http://hl7.org/fhir/5.0/StructureDefinition/extension-ActorDefinition.date","valueDateTime":"2025-03-03T08:58:37+01:00"},{"url":"http://hl7.org/fhir/5.0/StructureDefinition/extension-ActorDefinition.publisher","valueString":"SNS"},{"url":"http://hl7.org/fhir/5.0/StructureDefinition/extension-ActorDefinition.contact","valueContactDetail":{"name":"SNS","telecom":[{"system":"url","value":"https://sns.gob.es"}]}},{"url":"http://hl7.org/fhir/5.0/StructureDefinition/extension-ActorDefinition.jurisdiction"},{"url":"http://hl7.org/fhir/5.0/StructureDefinition/extension-ActorDefinition.type","valueCode":"system"},{"url":"http://hl7.org/fhir/5.0/StructureDefinition/extension-ActorDefinition.documentation","valueMarkdown":"This actor represents the Laboratory Report consumers. That is the system using the report received or retrieved.\nUsing includes, but is not limited to, the report display, storage or processing."}],"code":{"coding":[{"system":"http://hl7.org/fhir/fhir-types","code":"ActorDefinition"}]}}