{"resourceType":"ConceptMap","id":"recipient2FHIR-lab-myhealtheu","text":{"status":"generated","div":"<div xmlns=\"http://www.w3.org/1999/xhtml\"><p class=\"res-header-id\"><b>Generated Narrative: ConceptMap recipient2FHIR-lab-myhealtheu</b></p><a name=\"recipient2FHIR-lab-myhealtheu\"> </a><a name=\"hcrecipient2FHIR-lab-myhealtheu\"> </a><a name=\"recipient2FHIR-lab-myhealtheu-en-US\"> </a><p>Mapping from <a href=\"StructureDefinition-Recipient.html\">A.1.4 - Information recipient</a> to <a href=\"http://hl7.eu/fhir/extensions/0.1.0/StructureDefinition-information-recipient.html\">Information recipient</a></p><br/><p><b>Group 1 </b>Mapping from <a href=\"StructureDefinition-Recipient.html\">A.1.4 - Information recipient</a> to <a href=\"http://hl7.eu/fhir/extensions/0.1.0/StructureDefinition-information-recipient.html\">Information recipient</a></p><table class=\"grid\"><tr><td><b>Source Code</b></td><td><b>Relationship</b></td><td><b>Target Code</b></td><td><b>Comment</b></td></tr><tr><td>Recipient.identifier (Recipient identifier)</td><td><a href=\"http://hl7.org/fhir/extensions/5.2.0/CodeSystem-concept-map-equivalence.html#equivalent\" title=\"equivalent\">is equivalent to</a></td><td>extension:information-recipient.valueReference.identifier</td><td/></tr><tr><td>Recipient.name (Recipient name)</td><td><a href=\"http://hl7.org/fhir/extensions/5.2.0/CodeSystem-concept-map-equivalence.html#equivalent\" title=\"equivalent\">is equivalent to</a></td><td>extension:information-recipient.valueReference.name</td><td/></tr><tr><td>Recipient.organization (Recipient organization)</td><td><a href=\"http://hl7.org/fhir/extensions/5.2.0/CodeSystem-concept-map-equivalence.html#equivalent\" title=\"equivalent\">is equivalent to</a></td><td>extension:information-recipient.valueReference</td><td>ValueReference.resolve().ofType(Organization). If the recipient is an organization.</td></tr><tr><td>Recipient.organization (Recipient organization)</td><td><a href=\"http://hl7.org/fhir/extensions/5.2.0/CodeSystem-concept-map-equivalence.html#equivalent\" title=\"equivalent\">is equivalent to</a></td><td>extension:information-recipient.valueReference.organization</td><td>ValueReference.resolve().ofType(PractitionerRole). If it is the organization the professional belong to</td></tr><tr><td>Recipient.organization.name (Organization Name)</td><td><a href=\"http://hl7.org/fhir/extensions/5.2.0/CodeSystem-concept-map-equivalence.html#equivalent\" title=\"equivalent\">is equivalent to</a></td><td>extension:information-recipient.valueReference.name</td><td>ValueReference.resolve().ofType(Organization). If the recipient is an organization.</td></tr><tr><td>Recipient.organization.address (Organization Address)</td><td><a href=\"http://hl7.org/fhir/extensions/5.2.0/CodeSystem-concept-map-equivalence.html#equivalent\" title=\"equivalent\">is equivalent to</a></td><td>extension:information-recipient.valueReference.address</td><td>ValueReference.resolve().ofType(Organization). If the recipient is an organization.</td></tr><tr><td>Recipient.organization.telecom (Organization telecom)</td><td><a href=\"http://hl7.org/fhir/extensions/5.2.0/CodeSystem-concept-map-equivalence.html#equivalent\" title=\"equivalent\">is equivalent to</a></td><td>extension:information-recipient.valueReference.telecom</td><td>ValueReference.resolve().ofType(Organization). If the recipient is an organization.</td></tr><tr><td>Recipient.organization.name (Organization Name)</td><td><a href=\"http://hl7.org/fhir/extensions/5.2.0/CodeSystem-concept-map-equivalence.html#equivalent\" title=\"equivalent\">is equivalent to</a></td><td>extension:information-recipient.valueReference.organization.name</td><td>ValueReference.resolve().ofType(PractitionerRole). If it is the organization the professional belong to</td></tr><tr><td>Recipient.organization.address (Organization Address)</td><td><a href=\"http://hl7.org/fhir/extensions/5.2.0/CodeSystem-concept-map-equivalence.html#equivalent\" title=\"equivalent\">is equivalent to</a></td><td>extension:information-recipient.valueReference.organization.address</td><td>ValueReference.resolve().ofType(PractitionerRole). If it is the organization the professional belong to</td></tr><tr><td>Recipient.organization.telecom (Organization telecom)</td><td><a href=\"http://hl7.org/fhir/extensions/5.2.0/CodeSystem-concept-map-equivalence.html#equivalent\" title=\"equivalent\">is equivalent to</a></td><td>extension:information-recipient.valueReference.organization.telecom</td><td>ValueReference.resolve().ofType(PractitionerRole). If it is the organization the professional belong to</td></tr><tr><td>Recipient.address (Address)</td><td><a href=\"http://hl7.org/fhir/extensions/5.2.0/CodeSystem-concept-map-equivalence.html#equivalent\" title=\"equivalent\">is equivalent to</a></td><td>extension:information-recipient.ValueReference.address</td><td>If ValueReference.resolve().ofType(Practitioner) OR ValueReference.resolve().ofType(Patient)</td></tr><tr><td>Recipient.country (Country)</td><td><a href=\"http://hl7.org/fhir/extensions/5.2.0/CodeSystem-concept-map-equivalence.html#equivalent\" title=\"equivalent\">is equivalent to</a></td><td>extension:information-recipient.ValueReference.address.country</td><td>If ValueReference.resolve().ofType(Practitioner) OR ValueReference.resolve().ofType(Patient)</td></tr><tr><td>Recipient.telecom (Telecom)</td><td><a href=\"http://hl7.org/fhir/extensions/5.2.0/CodeSystem-concept-map-equivalence.html#equivalent\" title=\"equivalent\">is equivalent to</a></td><td>extension:information-recipient.ValueReference.telecom</td><td>If ValueReference.resolve().ofType(Practitioner) OR ValueReference.resolve().ofType(Patient)</td></tr><tr><td>Recipient.address (Address)</td><td><a href=\"http://hl7.org/fhir/extensions/5.2.0/CodeSystem-concept-map-equivalence.html#relatedto\" title=\"relatedto\">is related to</a></td><td>extension:information-recipient.ValueReference.practitioner.address</td><td>If ValueReference.resolve().ofType(PractitionerRole)</td></tr><tr><td>Recipient.country (Country)</td><td><a href=\"http://hl7.org/fhir/extensions/5.2.0/CodeSystem-concept-map-equivalence.html#relatedto\" title=\"relatedto\">is related to</a></td><td>extension:information-recipient.ValueReference.practitioner.address.country</td><td>If ValueReference.resolve().ofType(PractitionerRole)</td></tr><tr><td>Recipient.telecom (Telecom)</td><td><a href=\"http://hl7.org/fhir/extensions/5.2.0/CodeSystem-concept-map-equivalence.html#relatedto\" title=\"relatedto\">is related to</a></td><td>extension:information-recipient.ValueReference.practitioner.telecom</td><td>If ValueReference.resolve().ofType(PractitionerRole)</td></tr></table></div>"},"url":"http://fhir.ehdsi.eu/laboratory/ConceptMap/recipient2FHIR-lab-myhealtheu","version":"0.0.1","name":"Recipient2FHIR","title":"MyHealth@EURecipient to this guide Map","status":"draft","experimental":true,"date":"2025-03-03T08:58:37+01:00","publisher":"SNS","contact":[{"name":"SNS","telecom":[{"system":"url","value":"https://sns.gob.es"}]}],"description":"MyHealth@EURecipient Model to this guide Map","purpose":"It shows how the Laboratory Report Recipient data set defined by the EU MyHealth@EUguidelines is mapped into this guide","sourceUri":"http://fhir.ehdsi.eu/laboratory/StructureDefinition/Recipient","targetUri":"http://hl7.eu/fhir/StructureDefinition/information-recipient","group":[{"source":"http://fhir.ehdsi.eu/laboratory/StructureDefinition/Recipient","target":"http://hl7.eu/fhir/StructureDefinition/information-recipient","element":[{"code":"Recipient.identifier","display":"Recipient identifier","target":[{"code":"extension:information-recipient.valueReference.identifier","equivalence":"equivalent"}]},{"code":"Recipient.name","display":"Recipient name","target":[{"code":"extension:information-recipient.valueReference.name","equivalence":"equivalent"}]},{"code":"Recipient.organization","display":"Recipient organization","target":[{"code":"extension:information-recipient.valueReference","equivalence":"equivalent","comment":"ValueReference.resolve().ofType(Organization). If the recipient is an organization."}]},{"code":"Recipient.organization","display":"Recipient organization","target":[{"code":"extension:information-recipient.valueReference.organization","equivalence":"equivalent","comment":"ValueReference.resolve().ofType(PractitionerRole). If it is the organization the professional belong to"}]},{"code":"Recipient.organization.name","display":"Organization Name","target":[{"code":"extension:information-recipient.valueReference.name","equivalence":"equivalent","comment":"ValueReference.resolve().ofType(Organization). If the recipient is an organization."}]},{"code":"Recipient.organization.address","display":"Organization Address","target":[{"code":"extension:information-recipient.valueReference.address","equivalence":"equivalent","comment":"ValueReference.resolve().ofType(Organization). If the recipient is an organization."}]},{"code":"Recipient.organization.telecom","display":"Organization telecom","target":[{"code":"extension:information-recipient.valueReference.telecom","equivalence":"equivalent","comment":"ValueReference.resolve().ofType(Organization). If the recipient is an organization."}]},{"code":"Recipient.organization.name","display":"Organization Name","target":[{"code":"extension:information-recipient.valueReference.organization.name","equivalence":"equivalent","comment":"ValueReference.resolve().ofType(PractitionerRole). If it is the organization the professional belong to"}]},{"code":"Recipient.organization.address","display":"Organization Address","target":[{"code":"extension:information-recipient.valueReference.organization.address","equivalence":"equivalent","comment":"ValueReference.resolve().ofType(PractitionerRole). If it is the organization the professional belong to"}]},{"code":"Recipient.organization.telecom","display":"Organization telecom","target":[{"code":"extension:information-recipient.valueReference.organization.telecom","equivalence":"equivalent","comment":"ValueReference.resolve().ofType(PractitionerRole). If it is the organization the professional belong to"}]},{"code":"Recipient.address","display":"Address","target":[{"code":"extension:information-recipient.ValueReference.address","equivalence":"equivalent","comment":"If ValueReference.resolve().ofType(Practitioner) OR ValueReference.resolve().ofType(Patient)"}]},{"code":"Recipient.country","display":"Country","target":[{"code":"extension:information-recipient.ValueReference.address.country","equivalence":"equivalent","comment":"If ValueReference.resolve().ofType(Practitioner) OR ValueReference.resolve().ofType(Patient)"}]},{"code":"Recipient.telecom","display":"Telecom","target":[{"code":"extension:information-recipient.ValueReference.telecom","equivalence":"equivalent","comment":"If ValueReference.resolve().ofType(Practitioner) OR ValueReference.resolve().ofType(Patient)"}]},{"code":"Recipient.address","display":"Address","target":[{"code":"extension:information-recipient.ValueReference.practitioner.address","equivalence":"relatedto","comment":"If ValueReference.resolve().ofType(PractitionerRole)"}]},{"code":"Recipient.country","display":"Country","target":[{"code":"extension:information-recipient.ValueReference.practitioner.address.country","equivalence":"relatedto","comment":"If ValueReference.resolve().ofType(PractitionerRole)"}]},{"code":"Recipient.telecom","display":"Telecom","target":[{"code":"extension:information-recipient.ValueReference.practitioner.telecom","equivalence":"relatedto","comment":"If ValueReference.resolve().ofType(PractitionerRole)"}]}]}]}