{"resourceType":"ConceptMap","id":"legalAuth2FHIR-lab-myhealtheu","text":{"status":"generated","div":"<div xmlns=\"http://www.w3.org/1999/xhtml\"><p class=\"res-header-id\"><b>Generated Narrative: ConceptMap legalAuth2FHIR-lab-myhealtheu</b></p><a name=\"legalAuth2FHIR-lab-myhealtheu\"> </a><a name=\"hclegalAuth2FHIR-lab-myhealtheu\"> </a><a name=\"legalAuth2FHIR-lab-myhealtheu-en-US\"> </a><p>Mapping from <a href=\"StructureDefinition-LegalAuthenticator.html\">Legal authenticator</a> to <a href=\"StructureDefinition-Composition-lab-myhealtheu.html\">Composition: Laboratory</a></p><br/><p><b>Group 1 </b>Mapping from <a href=\"StructureDefinition-LegalAuthenticator.html\">Legal authenticator</a> to <a href=\"StructureDefinition-Composition-lab-myhealtheu.html\">Composition: Laboratory</a></p><table class=\"grid\"><tr><td><b>Source Code</b></td><td><b>Relationship</b></td><td><b>Target Code</b></td><td><b>Comment</b></td></tr><tr><td>LegalAuthenticator.identifier (Legal authenticator identifier)</td><td><a href=\"http://hl7.org/fhir/extensions/5.2.0/CodeSystem-concept-map-equivalence.html#equivalent\" title=\"equivalent\">is equivalent to</a></td><td>Composition.attester.party.identifier</td><td>attester.where(mode='legal')</td></tr><tr><td>LegalAuthenticator.name (Legal authenticator name)</td><td><a href=\"http://hl7.org/fhir/extensions/5.2.0/CodeSystem-concept-map-equivalence.html#equivalent\" title=\"equivalent\">is equivalent to</a></td><td>Composition.attester.party.name</td><td>attester.where(mode='legal').party.resolve().ofType(Practitioner).name</td></tr><tr><td>LegalAuthenticator.name (Legal authenticator name)</td><td><a href=\"http://hl7.org/fhir/extensions/5.2.0/CodeSystem-concept-map-equivalence.html#equivalent\" title=\"equivalent\">is equivalent to</a></td><td>Composition.attester.party.practitioner.name</td><td>attester.where(mode='legal').party.resolve().ofType(PractitionerRole).practitioner.resolve().name</td></tr><tr><td>LegalAuthenticator.organization (Legal authenticator organization)</td><td><a href=\"http://hl7.org/fhir/extensions/5.2.0/CodeSystem-concept-map-equivalence.html#equivalent\" title=\"equivalent\">is equivalent to</a></td><td>Composition.attester.party.organization</td><td>attester.where(mode='legal').party.resolve().ofType(PractitionerRole).organization.resolve()</td></tr><tr><td>LegalAuthenticator.organization.name (Organization Name)</td><td><a href=\"http://hl7.org/fhir/extensions/5.2.0/CodeSystem-concept-map-equivalence.html#equivalent\" title=\"equivalent\">is equivalent to</a></td><td>Composition.attester.party.organization.name</td><td>attester.where(mode='legal').party.resolve().ofType(PractitionerRole).organization.resolve()</td></tr><tr><td>LegalAuthenticator.organization.address (Organization Address)</td><td><a href=\"http://hl7.org/fhir/extensions/5.2.0/CodeSystem-concept-map-equivalence.html#equivalent\" title=\"equivalent\">is equivalent to</a></td><td>Composition.attester.party.organization.address</td><td>attester.where(mode='legal').party.resolve().ofType(PractitionerRole).organization.resolve()</td></tr><tr><td>LegalAuthenticator.organization.telecom (Organization telecom)</td><td><a href=\"http://hl7.org/fhir/extensions/5.2.0/CodeSystem-concept-map-equivalence.html#equivalent\" title=\"equivalent\">is equivalent to</a></td><td>Composition.attester.party.organization.telecom</td><td>attester.where(mode='legal').party.resolve().ofType(PractitionerRole).organization.resolve()</td></tr><tr><td>LegalAuthenticator.dateTime (Authentication date and time)</td><td><a href=\"http://hl7.org/fhir/extensions/5.2.0/CodeSystem-concept-map-equivalence.html#equivalent\" title=\"equivalent\">is equivalent to</a></td><td>Composition.attester.time</td><td>attester.where(mode='legal').time</td></tr></table></div>"},"url":"http://fhir.ehdsi.eu/laboratory/ConceptMap/legalAuth2FHIR-lab-myhealtheu","version":"0.0.1","name":"LegalAuth2Fhir","title":"MyHealth@EURecipient to this guide Map","status":"draft","experimental":true,"date":"2025-03-03T08:58:37+01:00","publisher":"SNS","contact":[{"name":"SNS","telecom":[{"system":"url","value":"https://sns.gob.es"}]}],"description":"MyHealth@EULegal Authenticator Model to this guide Map","purpose":"It shows how theLegal Authenticator Recipient data set defined by the EU MyHealth@EUguidelines is mapped into this guide","sourceUri":"http://fhir.ehdsi.eu/laboratory/StructureDefinition/LegalAuthenticator","targetUri":"http://fhir.ehdsi.eu/laboratory/StructureDefinition/Composition-lab-myhealtheu","group":[{"source":"http://fhir.ehdsi.eu/laboratory/StructureDefinition/LegalAuthenticator","target":"http://fhir.ehdsi.eu/laboratory/StructureDefinition/Composition-lab-myhealtheu","element":[{"code":"LegalAuthenticator.identifier","display":"Legal authenticator identifier","target":[{"code":"Composition.attester.party.identifier","equivalence":"equivalent","comment":"attester.where(mode='legal')"}]},{"code":"LegalAuthenticator.name","display":"Legal authenticator name","target":[{"code":"Composition.attester.party.name","equivalence":"equivalent","comment":"attester.where(mode='legal').party.resolve().ofType(Practitioner).name"}]},{"code":"LegalAuthenticator.name","display":"Legal authenticator name","target":[{"code":"Composition.attester.party.practitioner.name","equivalence":"equivalent","comment":"attester.where(mode='legal').party.resolve().ofType(PractitionerRole).practitioner.resolve().name"}]},{"code":"LegalAuthenticator.organization","display":"Legal authenticator organization","target":[{"code":"Composition.attester.party.organization","equivalence":"equivalent","comment":"attester.where(mode='legal').party.resolve().ofType(PractitionerRole).organization.resolve()"}]},{"code":"LegalAuthenticator.organization.name","display":"Organization Name","target":[{"code":"Composition.attester.party.organization.name","equivalence":"equivalent","comment":"attester.where(mode='legal').party.resolve().ofType(PractitionerRole).organization.resolve()"}]},{"code":"LegalAuthenticator.organization.address","display":"Organization Address","target":[{"code":"Composition.attester.party.organization.address","equivalence":"equivalent","comment":"attester.where(mode='legal').party.resolve().ofType(PractitionerRole).organization.resolve()"}]},{"code":"LegalAuthenticator.organization.telecom","display":"Organization telecom","target":[{"code":"Composition.attester.party.organization.telecom","equivalence":"equivalent","comment":"attester.where(mode='legal').party.resolve().ofType(PractitionerRole).organization.resolve()"}]},{"code":"LegalAuthenticator.dateTime","display":"Authentication date and time","target":[{"code":"Composition.attester.time","equivalence":"equivalent","comment":"attester.where(mode='legal').time"}]}]}]}