{"resourceType":"ValueSet","id":"eHDSIReferenceRangeMeaningWithExceptions","text":{"status":"generated","div":"<div xmlns=\"http://www.w3.org/1999/xhtml\"><p class=\"res-header-id\"><b>Generated Narrative: ValueSet eHDSIReferenceRangeMeaningWithExceptions</b></p><a name=\"eHDSIReferenceRangeMeaningWithExceptions\"> </a><a name=\"hceHDSIReferenceRangeMeaningWithExceptions\"> </a><a name=\"eHDSIReferenceRangeMeaningWithExceptions-en-US\"> </a><p>This value set includes codes based on the following rules:</p><ul><li>Import all the codes that are contained in <a href=\"ValueSet-eHDSIExceptionalValue.html\">eHDSI Exceptional Value</a></li><li>Import all the codes that are contained in <a href=\"ValueSet-eHDSIReferenceRangeMeaning.html\">eHDSI Reference Range Meaning</a></li></ul></div>"},"extension":[{"url":"http://hl7.org/fhir/StructureDefinition/structuredefinition-fmm","valueInteger":1},{"url":"http://hl7.org/fhir/StructureDefinition/structuredefinition-standards-status","valueCode":"draft"}],"url":"http://fhir.ehdsi.eu/laboratory/ValueSet/eHDSIReferenceRangeMeaningWithExceptions","version":"0.0.1","name":"EHDSIReferenceRangeMeaningWithExceptions","title":"eHDSI Reference Range Meaning with exceptions","status":"draft","experimental":false,"date":"2025-03-03T08:58:37+01:00","publisher":"SNS","contact":[{"name":"SNS","telecom":[{"system":"url","value":"https://sns.gob.es"}]}],"description":"This value set defines a set of codes for a reference range qualifier. It also includes exceptional values.","compose":{"include":[{"valueSet":["http://terminology.ehdsi.eu/ValueSet/eHDSIExceptionalValue"]},{"valueSet":["http://terminology.ehdsi.eu/ValueSet/eHDSIReferenceRangeMeaning"]}]}}