{"resourceType":"ValueSet","id":"eHDSIPresenceAbsence","text":{"status":"generated","div":"<div xmlns=\"http://www.w3.org/1999/xhtml\"><p class=\"res-header-id\"><b>Generated Narrative: ValueSet eHDSIPresenceAbsence</b></p><a name=\"eHDSIPresenceAbsence\"> </a><a name=\"hceHDSIPresenceAbsence\"> </a><a name=\"eHDSIPresenceAbsence-en-US\"> </a><ul><li>Include these codes as defined in <a href=\"http://www.snomed.org/\"><code>http://snomed.info/sct</code></a><table class=\"none\"><tr><td style=\"white-space:nowrap\"><b>Code</b></td><td><b>Display</b></td></tr><tr><td><a href=\"http://snomed.info/id/441614007\">441614007</a></td><td>Present one plus out of three plus</td></tr><tr><td><a href=\"http://snomed.info/id/441521003\">441521003</a></td><td>Present three plus out of three plus</td></tr><tr><td><a href=\"http://snomed.info/id/441517005\">441517005</a></td><td>Present two plus out of three plus</td></tr><tr><td><a href=\"http://snomed.info/id/260415000\">260415000</a></td><td>Not detected</td></tr><tr><td><a href=\"http://snomed.info/id/260392004\">260392004</a></td><td>Non-patent</td></tr><tr><td><a href=\"http://snomed.info/id/260385009\">260385009</a></td><td>Negative</td></tr><tr><td><a href=\"http://snomed.info/id/260373001\">260373001</a></td><td>Detected</td></tr><tr><td><a href=\"http://snomed.info/id/260350009\">260350009</a></td><td>++++</td></tr><tr><td><a href=\"http://snomed.info/id/260349009\">260349009</a></td><td>+++</td></tr><tr><td><a href=\"http://snomed.info/id/260348001\">260348001</a></td><td>++</td></tr><tr><td><a href=\"http://snomed.info/id/260347006\">260347006</a></td><td>+</td></tr><tr><td><a href=\"http://snomed.info/id/52101004\">52101004</a></td><td>Present</td></tr><tr><td><a href=\"http://snomed.info/id/10828004\">10828004</a></td><td>Positive</td></tr><tr><td><a href=\"http://snomed.info/id/2667000\">2667000</a></td><td>Absent</td></tr><tr><td><a href=\"http://snomed.info/id/895231008\">895231008</a></td><td>Not detected in pooled specimen</td></tr><tr><td><a href=\"http://snomed.info/id/720735008\">720735008</a></td><td>Presumptive positive</td></tr><tr><td><a href=\"http://snomed.info/id/373067005\">373067005</a></td><td>No</td></tr><tr><td><a href=\"http://snomed.info/id/373066001\">373066001</a></td><td>Yes</td></tr><tr><td><a href=\"http://snomed.info/id/264887000\">264887000</a></td><td>Not isolated</td></tr><tr><td><a href=\"http://snomed.info/id/264868006\">264868006</a></td><td>No growth</td></tr><tr><td><a href=\"http://snomed.info/id/260413007\">260413007</a></td><td>None</td></tr><tr><td><a href=\"http://snomed.info/id/260408008\">260408008</a></td><td>Weakly positive</td></tr><tr><td><a href=\"http://snomed.info/id/260405006\">260405006</a></td><td>Trace</td></tr><tr><td><a href=\"http://snomed.info/id/260389003\">260389003</a></td><td>No reaction</td></tr><tr><td><a href=\"http://snomed.info/id/46651001\">46651001</a></td><td>Isolated</td></tr><tr><td><a href=\"http://snomed.info/id/419984006\">419984006</a></td><td>Inconclusive</td></tr><tr><td><a href=\"http://snomed.info/id/42425007\">42425007</a></td><td>Equivocal</td></tr><tr><td><a href=\"http://snomed.info/id/82334004\">82334004</a></td><td>Indeterminate</td></tr><tr><td><a href=\"http://snomed.info/id/62482003\">62482003</a></td><td>Low</td></tr><tr><td><a href=\"http://snomed.info/id/11214006\">11214006</a></td><td>Reactive</td></tr><tr><td><a href=\"http://snomed.info/id/131194007\">131194007</a></td><td>Non-Reactive</td></tr><tr><td><a href=\"http://snomed.info/id/280416009\">280416009</a></td><td>Indeterminate result</td></tr><tr><td><a href=\"http://snomed.info/id/75540009\">75540009</a></td><td>High</td></tr><tr><td><a href=\"http://snomed.info/id/455371000124106\">455371000124106</a></td><td>Invalid result</td></tr><tr><td><a href=\"http://snomed.info/id/89292003\">89292003</a></td><td>Rare</td></tr><tr><td><a href=\"http://snomed.info/id/262008008\">262008008</a></td><td>Not performed</td></tr><tr><td><a href=\"http://snomed.info/id/17621005\">17621005</a></td><td>Normal</td></tr><tr><td><a href=\"http://snomed.info/id/277025001\">277025001</a></td><td>Proven</td></tr></table></li></ul></div>"},"extension":[{"url":"http://hl7.org/fhir/StructureDefinition/structuredefinition-fmm","valueInteger":1},{"url":"http://hl7.org/fhir/StructureDefinition/structuredefinition-standards-status","valueCode":"draft"}],"url":"http://terminology.ehdsi.eu/ValueSet/eHDSIPresenceAbsence","identifier":[{"system":"urn:ietf:rfc:3986","value":"urn:oid:1.3.6.1.4.1.12559.11.10.1.3.1.42.77"}],"version":"0.0.1","name":"EHDSIPresenceAbsence","title":"eHDSI Presence Absence","status":"draft","experimental":false,"date":"2025-03-03T08:58:37+01:00","publisher":"SNS","contact":[{"name":"SNS","telecom":[{"system":"url","value":"https://sns.gob.es"}]}],"description":"The Value Set is used to describe presence and absence findings (qualifier values) of the Laboratory Test Results","copyright":"This value set includes content from SNOMED CT, which is copyright © 2002+ International Health Terminology Standards Development Organisation (IHTSDO), and distributed by agreement between IHTSDO and HL7. Implementer use of SNOMED CT is not covered by this agreement","compose":{"include":[{"system":"http://snomed.info/sct","concept":[{"code":"441614007","display":"Present one plus out of three plus"},{"code":"441521003","display":"Present three plus out of three plus"},{"code":"441517005","display":"Present two plus out of three plus"},{"code":"260415000","display":"Not detected"},{"code":"260392004","display":"Non-patent"},{"code":"260385009","display":"Negative"},{"code":"260373001","display":"Detected"},{"code":"260350009","display":"++++"},{"code":"260349009","display":"+++"},{"code":"260348001","display":"++"},{"code":"260347006","display":"+"},{"code":"52101004","display":"Present"},{"code":"10828004","display":"Positive"},{"code":"2667000","display":"Absent"},{"code":"895231008","display":"Not detected in pooled specimen"},{"code":"720735008","display":"Presumptive positive"},{"code":"373067005","display":"No"},{"code":"373066001","display":"Yes"},{"code":"264887000","display":"Not isolated"},{"code":"264868006","display":"No growth"},{"code":"260413007","display":"None"},{"code":"260408008","display":"Weakly positive"},{"code":"260405006","display":"Trace"},{"code":"260389003","display":"No reaction"},{"code":"46651001","display":"Isolated"},{"code":"419984006","display":"Inconclusive"},{"code":"42425007","display":"Equivocal"},{"code":"82334004","display":"Indeterminate"},{"code":"62482003","display":"Low"},{"code":"11214006","display":"Reactive"},{"code":"131194007","display":"Non-Reactive"},{"code":"280416009","display":"Indeterminate result"},{"code":"75540009","display":"High"},{"code":"455371000124106","display":"Invalid result"},{"code":"89292003","display":"Rare"},{"code":"262008008","display":"Not performed"},{"code":"17621005","display":"Normal"},{"code":"277025001","display":"Proven"}]}]}}