{"resourceType":"ValueSet","id":"eHDSIReferenceRangeAppliesTo","text":{"status":"extensions","div":"<div xmlns=\"http://www.w3.org/1999/xhtml\"><p class=\"res-header-id\"><b>Generated Narrative: ValueSet eHDSIReferenceRangeAppliesTo</b></p><a name=\"eHDSIReferenceRangeAppliesTo\"> </a><a name=\"hceHDSIReferenceRangeAppliesTo\"> </a><a name=\"eHDSIReferenceRangeAppliesTo-en-US\"> </a><ul><li>Include these codes as defined in <a href=\"http://terminology.hl7.org/5.5.0/CodeSystem-sex-parameter-for-clinical-use.html\"><code>http://terminology.hl7.org/CodeSystem/sex-parameter-for-clinical-use</code></a><table class=\"none\"><tr><td style=\"white-space:nowrap\"><b>Code</b></td><td><b>Display</b></td><td><b>Definition</b></td></tr><tr><td><a href=\"http://terminology.hl7.org/5.5.0/CodeSystem-sex-parameter-for-clinical-use.html#sex-parameter-for-clinical-use-female-typical\">female-typical</a></td><td>Apply female-typical setting or reference range</td><td>Available data indicates that diagnostics, analytics, and treatments should consider best practices associated with female reference populations.</td></tr><tr><td><a href=\"http://terminology.hl7.org/5.5.0/CodeSystem-sex-parameter-for-clinical-use.html#sex-parameter-for-clinical-use-male-typical\">male-typical</a></td><td>Apply male-typical setting or reference range</td><td>Available data indicates that diagnostics, analytics, and treatments should consider best practices associated with male reference populations.</td></tr></table></li></ul></div>"},"extension":[{"url":"http://hl7.org/fhir/StructureDefinition/structuredefinition-fmm","valueInteger":1},{"url":"http://hl7.org/fhir/StructureDefinition/structuredefinition-standards-status","valueCode":"draft"}],"url":"http://terminology.ehdsi.eu/ValueSet/eHDSIReferenceRangeAppliesTo","identifier":[{"system":"urn:ietf:rfc:3986","value":"urn:oid:1.3.6.1.4.1.12559.11.10.1.3.1.42.75"}],"version":"0.0.1","name":"EHDSIReferenceRangeAppliesTo","title":"eHDSI Reference Range Applies To","status":"draft","experimental":false,"date":"2025-03-03T08:58:37+01:00","publisher":"SNS","contact":[{"name":"SNS","telecom":[{"system":"url","value":"https://sns.gob.es"}]}],"description":"This value set defines a set of codes that can be used to indicate the particular target population the reference range applies to","compose":{"include":[{"system":"http://terminology.hl7.org/CodeSystem/sex-parameter-for-clinical-use","concept":[{"code":"female-typical","display":"Apply female-typical setting or reference range"},{"code":"male-typical","display":"Apply male-typical setting or reference range"}]}]}}