{"resourceType":"ValueSet","id":"eHDSIReactionAllergy","text":{"status":"generated","div":"<div xmlns=\"http://www.w3.org/1999/xhtml\"><p class=\"res-header-id\"><b>Generated Narrative: ValueSet eHDSIReactionAllergy</b></p><a name=\"eHDSIReactionAllergy\"> </a><a name=\"hceHDSIReactionAllergy\"> </a><a name=\"eHDSIReactionAllergy-en-US\"> </a><ul><li>Include these codes as defined in <a href=\"http://www.snomed.org/\"><code>http://snomed.info/sct</code></a><table class=\"none\"><tr><td style=\"white-space:nowrap\"><b>Code</b></td><td><b>Display</b></td></tr><tr><td><a href=\"http://snomed.info/id/39579001\">39579001</a></td><td>Anaphylaxis</td></tr><tr><td><a href=\"http://snomed.info/id/195967001\">195967001</a></td><td>Asthma</td></tr><tr><td><a href=\"http://snomed.info/id/24079001\">24079001</a></td><td>Atopic dermatitis</td></tr><tr><td><a href=\"http://snomed.info/id/4386001\">4386001</a></td><td>Bronchospasm</td></tr><tr><td><a href=\"http://snomed.info/id/271759003\">271759003</a></td><td>Bullous eruption</td></tr><tr><td><a href=\"http://snomed.info/id/698247007\">698247007</a></td><td>Cardiac arrhythmia</td></tr><tr><td><a href=\"http://snomed.info/id/410430005\">410430005</a></td><td>Cardiorespiratory arrest</td></tr><tr><td><a href=\"http://snomed.info/id/9826008\">9826008</a></td><td>Conjunctivitis</td></tr><tr><td><a href=\"http://snomed.info/id/49727002\">49727002</a></td><td>Cough</td></tr><tr><td><a href=\"http://snomed.info/id/702809001\">702809001</a></td><td>Drug reaction with eosinophilia and systemic symptoms</td></tr><tr><td><a href=\"http://snomed.info/id/162290004\">162290004</a></td><td>Dry eyes</td></tr><tr><td><a href=\"http://snomed.info/id/43116000\">43116000</a></td><td>Eczema</td></tr><tr><td><a href=\"http://snomed.info/id/418363000\">418363000</a></td><td>Itching of skin</td></tr><tr><td><a href=\"http://snomed.info/id/422587007\">422587007</a></td><td>Nausea</td></tr><tr><td><a href=\"http://snomed.info/id/271757001\">271757001</a></td><td>Papular eruption</td></tr><tr><td><a href=\"http://snomed.info/id/70076002\">70076002</a></td><td>Rhinitis</td></tr><tr><td><a href=\"http://snomed.info/id/91175000\">91175000</a></td><td>Seizure</td></tr><tr><td><a href=\"http://snomed.info/id/76067001\">76067001</a></td><td>Sneezing</td></tr><tr><td><a href=\"http://snomed.info/id/73442001\">73442001</a></td><td>Stevens-Johnson syndrome</td></tr><tr><td><a href=\"http://snomed.info/id/23924001\">23924001</a></td><td>Tight chest</td></tr><tr><td><a href=\"http://snomed.info/id/126485001\">126485001</a></td><td>Urticaria</td></tr><tr><td><a href=\"http://snomed.info/id/31996006\">31996006</a></td><td>Vasculitis</td></tr><tr><td><a href=\"http://snomed.info/id/247472004\">247472004</a></td><td>Weal</td></tr><tr><td><a href=\"http://snomed.info/id/41291007\">41291007</a></td><td>Angioedema</td></tr><tr><td><a href=\"http://snomed.info/id/62315008\">62315008</a></td><td>Diarrhea</td></tr><tr><td><a href=\"http://snomed.info/id/267036007\">267036007</a></td><td>Dyspnea</td></tr><tr><td><a href=\"http://snomed.info/id/51599000\">51599000</a></td><td>Edema of larynx</td></tr><tr><td><a href=\"http://snomed.info/id/781682005\">781682005</a></td><td>Hyperemia of eye</td></tr><tr><td><a href=\"http://snomed.info/id/271807003\">271807003</a></td><td>Eruption</td></tr><tr><td><a href=\"http://snomed.info/id/768962006\">768962006</a></td><td>Lyell syndrome</td></tr><tr><td><a href=\"http://snomed.info/id/422400008\">422400008</a></td><td>Vomiting</td></tr><tr><td><a href=\"http://snomed.info/id/281239006\">281239006</a></td><td>Acute asthma</td></tr><tr><td><a href=\"http://snomed.info/id/195951007\">195951007</a></td><td>Acute exacerbation of chronic obstructive airways disease</td></tr><tr><td><a href=\"http://snomed.info/id/44416002\">44416002</a></td><td>Airway constriction</td></tr><tr><td><a href=\"http://snomed.info/id/402407004\">402407004</a></td><td>Angioedema of tongue</td></tr><tr><td><a href=\"http://snomed.info/id/7231009\">7231009</a></td><td>Bullous dermatosis</td></tr><tr><td><a href=\"http://snomed.info/id/40275004\">40275004</a></td><td>Contact dermatitis</td></tr><tr><td><a href=\"http://snomed.info/id/230145002\">230145002</a></td><td>Difficulty breathing</td></tr><tr><td><a href=\"http://snomed.info/id/386789004\">386789004</a></td><td>Eosinophil count raised</td></tr><tr><td><a href=\"http://snomed.info/id/247441003\">247441003</a></td><td>Erythema</td></tr><tr><td><a href=\"http://snomed.info/id/444827008\">444827008</a></td><td>Erythema of skin</td></tr><tr><td><a href=\"http://snomed.info/id/399992009\">399992009</a></td><td>Erythroderma</td></tr><tr><td><a href=\"http://snomed.info/id/271811009\">271811009</a></td><td>Face goes red</td></tr><tr><td><a href=\"http://snomed.info/id/373932008\">373932008</a></td><td>Feels hot</td></tr><tr><td><a href=\"http://snomed.info/id/276444007\">276444007</a></td><td>Generalized pruritus</td></tr><tr><td><a href=\"http://snomed.info/id/60555002\">60555002</a></td><td>Hypersensitivity angiitis</td></tr><tr><td><a href=\"http://snomed.info/id/191306005\">191306005</a></td><td>Immunoglobulin A vasculitis</td></tr><tr><td><a href=\"http://snomed.info/id/418290006\">418290006</a></td><td>Itching</td></tr><tr><td><a href=\"http://snomed.info/id/74776002\">74776002</a></td><td>Itching of eye</td></tr><tr><td><a href=\"http://snomed.info/id/271756005\">271756005</a></td><td>Macular eruption</td></tr><tr><td><a href=\"http://snomed.info/id/247471006\">247471006</a></td><td>Maculopapular eruption</td></tr><tr><td><a href=\"http://snomed.info/id/247470007\">247470007</a></td><td>Morbilliform eruption</td></tr><tr><td><a href=\"http://snomed.info/id/35001004\">35001004</a></td><td>Non-allergic anaphylaxis</td></tr><tr><td><a href=\"http://snomed.info/id/2129002\">2129002</a></td><td>Edema of pharynx</td></tr><tr><td><a href=\"http://snomed.info/id/81950002\">81950002</a></td><td>Edema of the tongue</td></tr><tr><td><a href=\"http://snomed.info/id/432807008\">432807008</a></td><td>Pollen-food allergy</td></tr><tr><td><a href=\"http://snomed.info/id/22649008\">22649008</a></td><td>Photodermatitis</td></tr><tr><td><a href=\"http://snomed.info/id/90128006\">90128006</a></td><td>Photosensitivity</td></tr><tr><td><a href=\"http://snomed.info/id/64144002\">64144002</a></td><td>Pruritic rash</td></tr><tr><td><a href=\"http://snomed.info/id/279333002\">279333002</a></td><td>Pruritus of skin</td></tr><tr><td><a href=\"http://snomed.info/id/271825005\">271825005</a></td><td>Respiratory distress</td></tr><tr><td><a href=\"http://snomed.info/id/421262002\">421262002</a></td><td>Tongue swelling</td></tr><tr><td><a href=\"http://snomed.info/id/79893008\">79893008</a></td><td>Vesicular eruption</td></tr></table></li></ul></div>"},"extension":[{"url":"http://hl7.org/fhir/StructureDefinition/structuredefinition-fmm","valueInteger":1},{"url":"http://hl7.org/fhir/StructureDefinition/structuredefinition-standards-status","valueCode":"draft"}],"url":"http://terminology.ehdsi.eu/ValueSet/eHDSIReactionAllergy","identifier":[{"system":"urn:ietf:rfc:3986","value":"urn:oid:1.3.6.1.4.1.12559.11.10.1.3.1.42.11"}],"version":"0.0.1","name":"EHDSIReactionAllergy","title":"eHDSI Reaction Allergy","status":"draft","experimental":false,"date":"2025-03-03T08:58:37+01:00","publisher":"SNS","contact":[{"name":"SNS","telecom":[{"system":"url","value":"https://sns.gob.es"}]}],"description":"Value Set is used to encode clinical manifestation of the allergic reaction.","copyright":"This value set includes content from SNOMED CT, which is copyright © 2002+ International Health Terminology Standards Development Organisation (IHTSDO), and distributed by agreement between IHTSDO and HL7. Implementer use of SNOMED CT is not covered by this agreement","compose":{"include":[{"system":"http://snomed.info/sct","concept":[{"code":"39579001","display":"Anaphylaxis"},{"code":"195967001","display":"Asthma"},{"code":"24079001","display":"Atopic dermatitis"},{"code":"4386001","display":"Bronchospasm"},{"code":"271759003","display":"Bullous eruption"},{"code":"698247007","display":"Cardiac arrhythmia"},{"code":"410430005","display":"Cardiorespiratory arrest"},{"code":"9826008","display":"Conjunctivitis"},{"code":"49727002","display":"Cough"},{"code":"702809001","display":"Drug reaction with eosinophilia and systemic symptoms"},{"code":"162290004","display":"Dry eyes"},{"code":"43116000","display":"Eczema"},{"code":"418363000","display":"Itching of skin"},{"code":"422587007","display":"Nausea"},{"code":"271757001","display":"Papular eruption"},{"code":"70076002","display":"Rhinitis"},{"code":"91175000","display":"Seizure"},{"code":"76067001","display":"Sneezing"},{"code":"73442001","display":"Stevens-Johnson syndrome"},{"code":"23924001","display":"Tight chest"},{"code":"126485001","display":"Urticaria"},{"code":"31996006","display":"Vasculitis"},{"code":"247472004","display":"Weal"},{"code":"41291007","display":"Angioedema"},{"code":"62315008","display":"Diarrhea"},{"code":"267036007","display":"Dyspnea"},{"code":"51599000","display":"Edema of larynx"},{"code":"781682005","display":"Hyperemia of eye"},{"code":"271807003","display":"Eruption"},{"code":"768962006","display":"Lyell syndrome"},{"code":"422400008","display":"Vomiting"},{"code":"281239006","display":"Acute asthma"},{"code":"195951007","display":"Acute exacerbation of chronic obstructive airways disease"},{"code":"44416002","display":"Airway constriction"},{"code":"402407004","display":"Angioedema of tongue"},{"code":"7231009","display":"Bullous dermatosis"},{"code":"40275004","display":"Contact dermatitis"},{"code":"230145002","display":"Difficulty breathing"},{"code":"386789004","display":"Eosinophil count raised"},{"code":"247441003","display":"Erythema"},{"code":"444827008","display":"Erythema of skin"},{"code":"399992009","display":"Erythroderma"},{"code":"271811009","display":"Face goes red"},{"code":"373932008","display":"Feels hot"},{"code":"276444007","display":"Generalized pruritus"},{"code":"60555002","display":"Hypersensitivity angiitis"},{"code":"191306005","display":"Immunoglobulin A vasculitis"},{"code":"418290006","display":"Itching"},{"code":"74776002","display":"Itching of eye"},{"code":"271756005","display":"Macular eruption"},{"code":"247471006","display":"Maculopapular eruption"},{"code":"247470007","display":"Morbilliform eruption"},{"code":"35001004","display":"Non-allergic anaphylaxis"},{"code":"2129002","display":"Edema of pharynx"},{"code":"81950002","display":"Edema of the tongue"},{"code":"432807008","display":"Pollen-food allergy"},{"code":"22649008","display":"Photodermatitis"},{"code":"90128006","display":"Photosensitivity"},{"code":"64144002","display":"Pruritic rash"},{"code":"279333002","display":"Pruritus of skin"},{"code":"271825005","display":"Respiratory distress"},{"code":"421262002","display":"Tongue swelling"},{"code":"79893008","display":"Vesicular eruption"}]}]}}