{"resourceType":"ValueSet","id":"eHDSIBodyStructureLocation","text":{"status":"generated","div":"<div xmlns=\"http://www.w3.org/1999/xhtml\"><p class=\"res-header-id\"><b>Generated Narrative: ValueSet eHDSIBodyStructureLocation</b></p><a name=\"eHDSIBodyStructureLocation\"> </a><a name=\"hceHDSIBodyStructureLocation\"> </a><a name=\"eHDSIBodyStructureLocation-en-US\"> </a><ul><li>Include these codes as defined in <a href=\"http://www.snomed.org/\"><code>http://snomed.info/sct</code></a><table class=\"none\"><tr><td style=\"white-space:nowrap\"><b>Code</b></td><td><b>Display</b></td></tr><tr><td><a href=\"http://snomed.info/id/49370004\">49370004</a></td><td>Lateral</td></tr><tr><td><a href=\"http://snomed.info/id/264217000\">264217000</a></td><td>Superior</td></tr><tr><td><a href=\"http://snomed.info/id/261089000\">261089000</a></td><td>Inferior</td></tr><tr><td><a href=\"http://snomed.info/id/255551008\">255551008</a></td><td>Posterior</td></tr><tr><td><a href=\"http://snomed.info/id/7771000\">7771000</a></td><td>Left</td></tr><tr><td><a href=\"http://snomed.info/id/24028007\">24028007</a></td><td>Right</td></tr><tr><td><a href=\"http://snomed.info/id/261183002\">261183002</a></td><td>Upper</td></tr><tr><td><a href=\"http://snomed.info/id/261122009\">261122009</a></td><td>Lower</td></tr><tr><td><a href=\"http://snomed.info/id/255561001\">255561001</a></td><td>Medial</td></tr><tr><td><a href=\"http://snomed.info/id/46053002\">46053002</a></td><td>Distal</td></tr><tr><td><a href=\"http://snomed.info/id/40415009\">40415009</a></td><td>Proximal</td></tr><tr><td><a href=\"http://snomed.info/id/255549009\">255549009</a></td><td>Anterior</td></tr><tr><td><a href=\"http://snomed.info/id/26283006\">26283006</a></td><td>Superficial</td></tr><tr><td><a href=\"http://snomed.info/id/795002\">795002</a></td><td>Deep</td></tr><tr><td><a href=\"http://snomed.info/id/57195005\">57195005</a></td><td>Basal</td></tr><tr><td><a href=\"http://snomed.info/id/3583002\">3583002</a></td><td>Caudal</td></tr><tr><td><a href=\"http://snomed.info/id/66787007\">66787007</a></td><td>Cephalic</td></tr></table></li></ul></div>"},"extension":[{"url":"http://hl7.org/fhir/StructureDefinition/structuredefinition-fmm","valueInteger":1},{"url":"http://hl7.org/fhir/StructureDefinition/structuredefinition-standards-status","valueCode":"draft"}],"url":"http://terminology.ehdsi.eu/ValueSet/eHDSIBodyStructureLocation","identifier":[{"system":"urn:ietf:rfc:3986","value":"urn:oid:1.3.6.1.4.1.12559.11.10.1.3.1.42.80"}],"version":"0.0.1","name":"EHDSIBodyStructureLocation","title":"eHDSI Body Structure Location Qualifier","status":"draft","experimental":false,"date":"2025-03-03T08:58:37+01:00","publisher":"SNS","contact":[{"name":"SNS","telecom":[{"system":"url","value":"https://sns.gob.es"}]}],"description":"This Value Set is used for the body structure location qualifier. Concepts modifying the anatomic location.","copyright":"This value set includes content from SNOMED CT, which is copyright © 2002+ International Health Terminology Standards Development Organisation (IHTSDO), and distributed by agreement between IHTSDO and HL7. Implementer use of SNOMED CT is not covered by this agreement","compose":{"include":[{"system":"http://snomed.info/sct","concept":[{"code":"49370004","display":"Lateral"},{"code":"264217000","display":"Superior"},{"code":"261089000","display":"Inferior"},{"code":"255551008","display":"Posterior"},{"code":"7771000","display":"Left"},{"code":"24028007","display":"Right"},{"code":"261183002","display":"Upper"},{"code":"261122009","display":"Lower"},{"code":"255561001","display":"Medial"},{"code":"46053002","display":"Distal"},{"code":"40415009","display":"Proximal"},{"code":"255549009","display":"Anterior"},{"code":"26283006","display":"Superficial"},{"code":"795002","display":"Deep"},{"code":"57195005","display":"Basal"},{"code":"3583002","display":"Caudal"},{"code":"66787007","display":"Cephalic"}]}]}}