{"resourceType":"ValueSet","id":"eHDSIObservationCategory","text":{"status":"extensions","div":"<div xmlns=\"http://www.w3.org/1999/xhtml\"><p class=\"res-header-id\"><b>Generated Narrative: ValueSet eHDSIObservationCategory</b></p><a name=\"eHDSIObservationCategory\"> </a><a name=\"hceHDSIObservationCategory\"> </a><a name=\"eHDSIObservationCategory-en-US\"> </a><ul><li>Include these codes as defined in <a href=\"http://terminology.hl7.org/5.5.0/CodeSystem-observation-category.html\"><code>http://terminology.hl7.org/CodeSystem/observation-category</code></a><table class=\"none\"><tr><td style=\"white-space:nowrap\"><b>Code</b></td><td><b>Display</b></td><td><b>Definition</b></td></tr><tr><td><a href=\"http://terminology.hl7.org/5.5.0/CodeSystem-observation-category.html#observation-category-laboratory\">laboratory</a></td><td>Laboratory</td><td>The results of observations generated by laboratories.  Laboratory results are typically generated by laboratories providing analytic services in areas such as chemistry, hematology, serology, histology, cytology, anatomic pathology (including digital pathology), microbiology, and/or virology. These observations are based on analysis of specimens obtained from the patient and submitted to the laboratory.</td></tr></table></li></ul></div>"},"extension":[{"url":"http://hl7.org/fhir/StructureDefinition/structuredefinition-fmm","valueInteger":1},{"url":"http://hl7.org/fhir/StructureDefinition/structuredefinition-standards-status","valueCode":"draft"}],"url":"http://terminology.ehdsi.eu/ValueSet/eHDSIObservationCategory","identifier":[{"system":"urn:ietf:rfc:3986","value":"urn:oid:1.3.6.1.4.1.12559.11.10.1.3.1.42.71"}],"version":"0.0.1","name":"EHDSIObservationCategory","title":"eHDSI Observation category","status":"draft","experimental":false,"date":"2025-03-03T08:58:37+01:00","publisher":"SNS","contact":[{"name":"SNS","telecom":[{"system":"url","value":"https://sns.gob.es"}]}],"description":"This Value Set is used for the Laboratory Observation Results Category code","compose":{"include":[{"system":"http://terminology.hl7.org/CodeSystem/observation-category","concept":[{"code":"laboratory","display":"Laboratory"}]}]}}