"Id","Path","Slice Name","Alias(s)","Label","Min","Max","Must Support?","Is Modifier?","Is Summary?","Type(s)","Short","Definition","Comments","Requirements","Default Value","Meaning When Missing","Fixed Value","Pattern","Example","Minimum Value","Maximum Value","Maximum Length","Binding Strength","Binding Description","Binding Value Set","Code","Slicing Discriminator","Slicing Description","Slicing Ordered","Slicing Rules","Base Path","Base Min","Base Max","Condition(s)","Constraint(s)"
"Subject","Subject","","","",0,*,"","","","null {[]} {[]}
","Patient/subject","Identification of the patient/subject  and Patient/subject related contact information as defined by the MyHealth@EU business requirement '13.01 Create the MyHealth@EU Laboratory Result Report Content'.","","","","","","","","","",,,,,"",,,,"Base",0,*,"",""
"Subject.identification","Subject.identification","","","",1,1,"","","","BackboneElement {[]} {[]}
","Identification of the patient/subject","Identification of the patient/subject","","","","","","","","","",,,,,"",,,,"Subject.identification",1,1,"","ele-1:All FHIR elements must have a @value or children {hasValue() or (children().count() > id.count())}
"
"Subject.identification.id","Subject.identification.id","","","",0,1,"","","","string {[]} {[]}
","Unique id for inter-element referencing","Unique id for the element within a resource (for internal references). This may be any string value that does not contain spaces.","","","","","","","","","",,,,,"",,,,"Element.id",0,1,"",""
"Subject.identification.extension","Subject.identification.extension","","extensions
user content","",0,*,"","","","Extension {[]} {[]}
","Additional content defined by implementations","May be used to represent additional information that is not part of the basic definition of the element. To make the use of extensions safe and manageable, there is a strict set of governance  applied to the definition and use of extensions. Though any implementer can define an extension, there is a set of requirements that SHALL be met as part of the definition of the extension.","There can be no stigma associated with the use of extensions by any application, project, or standard - regardless of the institution or jurisdiction that uses or defines the extensions.  The use of extensions is what allows the FHIR specification to retain a core level of simplicity for everyone.","","","","","","","","",,,,,"","value:url}
","Extensions are always sliced by (at least) url",,"open","Element.extension",0,*,"","ele-1:All FHIR elements must have a @value or children {hasValue() or (children().count() > id.count())}
ext-1:Must have either extensions or value[x], not both {extension.exists() != value.exists()}"
"Subject.identification.modifierExtension","Subject.identification.modifierExtension","","extensions
user contentmodifiers","",0,*,"","Y","Y","Extension {[]} {[]}
","Extensions that cannot be ignored even if unrecognized","May be used to represent additional information that is not part of the basic definition of the element and that modifies the understanding of the element in which it is contained and/or the understanding of the containing element's descendants. Usually modifier elements provide negation or qualification. To make the use of extensions safe and manageable, there is a strict set of governance applied to the definition and use of extensions. Though any implementer can define an extension, there is a set of requirements that SHALL be met as part of the definition of the extension. Applications processing a resource are required to check for modifier extensions.

Modifier extensions SHALL NOT change the meaning of any elements on Resource or DomainResource (including cannot change the meaning of modifierExtension itself).","There can be no stigma associated with the use of extensions by any application, project, or standard - regardless of the institution or jurisdiction that uses or defines the extensions.  The use of extensions is what allows the FHIR specification to retain a core level of simplicity for everyone.","Modifier extensions allow for extensions that *cannot* be safely ignored to be clearly distinguished from the vast majority of extensions which can be safely ignored.  This promotes interoperability by eliminating the need for implementers to prohibit the presence of extensions. For further information, see the [definition of modifier extensions](http://hl7.org/fhir/R4/extensibility.html#modifierExtension).","","","","","","","",,,,,"",,,,"BackboneElement.modifierExtension",0,*,"","ele-1:All FHIR elements must have a @value or children {hasValue() or (children().count() > id.count())}
ext-1:Must have either extensions or value[x], not both {extension.exists() != value.exists()}"
"Subject.identification.familyName","Subject.identification.familyName","","","",1,*,"","","","string {[]} {[]}
","Family name/surname","The family name/surname/last name of the patient. This field can contain more than one element or multiple fields could be present.","","","","","","","","","",,,,,"",,,,"Subject.identification.familyName",1,*,"",""
"Subject.identification.givenName","Subject.identification.givenName","","","",1,*,"","","","string {[]} {[]}
","Given name","The given name/first name of the patient (also known as forename or first name). This field can contain more than one element.","","","","","","","","","",,,,,"",,,,"Subject.identification.givenName",1,*,"",""
"Subject.identification.dateOfBirth","Subject.identification.dateOfBirth","","","",1,1,"","","","dateTime {[]} {[]}
","Date of birth","The date of birth of the patient [ISO TS 22220]. As age of the patient might be important for correct interpretation of the test result values, complete date of birth should be provided. - Preferred system(s): Complete date, without time, following the ISO 8601","","","","","","","","","",,,,,"",,,,"Subject.identification.dateOfBirth",1,1,"",""
"Subject.identification.identifier","Subject.identification.identifier","","","",0,*,"","","","Identifier {[]} {[]}
","Personal identifier","An identifier of the patient that is unique within a defined scope. Example: National ID (birth number) for Czech patient. Multiple identifiers could be provided.","","","","","","","","","",,,,,"",,,,"Subject.identification.identifier",0,*,"",""
"Subject.identification.gender","Subject.identification.gender","","","",0,1,"","","","CodeableConcept {[]} {[]}
","Gender","This field must contain a recognised valid value for 'administrative gender'. 
If different, 'physiological gender' should be communicated elsewhere
Preferred system(s): - Preferred system(s): HL7 Administrative Gender","","","","","","","","","",,,,,"",,,,"Subject.identification.gender",0,1,"",""
"Subject.identification.sex","Subject.identification.sex","","","",0,1,"","","","CodeableConcept {[]} {[]}
","Sex for clinical use","Sex for clinical use","","","","","","","","","",,,,,"",,,,"Subject.identification.sex",0,1,"",""
"Subject.addressTelecom","Subject.addressTelecom","","","",0,*,"","","","BackboneElement {[]} {[]}
","Patient/subject related contact information","Patient/subject related contact information","","","","","","","","","",,,,,"",,,,"Subject.addressTelecom",0,*,"","ele-1:All FHIR elements must have a @value or children {hasValue() or (children().count() > id.count())}
"
"Subject.addressTelecom.id","Subject.addressTelecom.id","","","",0,1,"","","","string {[]} {[]}
","Unique id for inter-element referencing","Unique id for the element within a resource (for internal references). This may be any string value that does not contain spaces.","","","","","","","","","",,,,,"",,,,"Element.id",0,1,"",""
"Subject.addressTelecom.extension","Subject.addressTelecom.extension","","extensions
user content","",0,*,"","","","Extension {[]} {[]}
","Additional content defined by implementations","May be used to represent additional information that is not part of the basic definition of the element. To make the use of extensions safe and manageable, there is a strict set of governance  applied to the definition and use of extensions. Though any implementer can define an extension, there is a set of requirements that SHALL be met as part of the definition of the extension.","There can be no stigma associated with the use of extensions by any application, project, or standard - regardless of the institution or jurisdiction that uses or defines the extensions.  The use of extensions is what allows the FHIR specification to retain a core level of simplicity for everyone.","","","","","","","","",,,,,"","value:url}
","Extensions are always sliced by (at least) url",,"open","Element.extension",0,*,"","ele-1:All FHIR elements must have a @value or children {hasValue() or (children().count() > id.count())}
ext-1:Must have either extensions or value[x], not both {extension.exists() != value.exists()}"
"Subject.addressTelecom.modifierExtension","Subject.addressTelecom.modifierExtension","","extensions
user contentmodifiers","",0,*,"","Y","Y","Extension {[]} {[]}
","Extensions that cannot be ignored even if unrecognized","May be used to represent additional information that is not part of the basic definition of the element and that modifies the understanding of the element in which it is contained and/or the understanding of the containing element's descendants. Usually modifier elements provide negation or qualification. To make the use of extensions safe and manageable, there is a strict set of governance applied to the definition and use of extensions. Though any implementer can define an extension, there is a set of requirements that SHALL be met as part of the definition of the extension. Applications processing a resource are required to check for modifier extensions.

Modifier extensions SHALL NOT change the meaning of any elements on Resource or DomainResource (including cannot change the meaning of modifierExtension itself).","There can be no stigma associated with the use of extensions by any application, project, or standard - regardless of the institution or jurisdiction that uses or defines the extensions.  The use of extensions is what allows the FHIR specification to retain a core level of simplicity for everyone.","Modifier extensions allow for extensions that *cannot* be safely ignored to be clearly distinguished from the vast majority of extensions which can be safely ignored.  This promotes interoperability by eliminating the need for implementers to prohibit the presence of extensions. For further information, see the [definition of modifier extensions](http://hl7.org/fhir/R4/extensibility.html#modifierExtension).","","","","","","","",,,,,"",,,,"BackboneElement.modifierExtension",0,*,"","ele-1:All FHIR elements must have a @value or children {hasValue() or (children().count() > id.count())}
ext-1:Must have either extensions or value[x], not both {extension.exists() != value.exists()}"
"Subject.addressTelecom.address","Subject.addressTelecom.address","","","",0,*,"","","","Address {[]} {[]}
","Address","Mailing and home or office addresses. The addresses are always sequences of address parts (e.g. street address line, country, ZIP code, city) even if postal address formats may vary depending on the country. An address may or may not include a specific use code; if this attribute is not present it is assumed to be the default address useful for any purpose. - Preferred system(s):  ISO 3166","","","","","","","","","",,,,,"",,,,"Subject.addressTelecom.address",0,*,"","ele-1:All FHIR elements must have a @value or children {hasValue() or (children().count() > id.count())}
"
"Subject.addressTelecom.address.id","Subject.addressTelecom.address.id","","","",0,1,"","","","string {[]} {[]}
","Unique id for inter-element referencing","Unique id for the element within a resource (for internal references). This may be any string value that does not contain spaces.","","","","","","","","","",,,,,"",,,,"Element.id",0,1,"",""
"Subject.addressTelecom.address.extension","Subject.addressTelecom.address.extension","","extensions
user content","",0,*,"","","","Extension {[]} {[]}
","Additional content defined by implementations","May be used to represent additional information that is not part of the basic definition of the element. To make the use of extensions safe and manageable, there is a strict set of governance  applied to the definition and use of extensions. Though any implementer can define an extension, there is a set of requirements that SHALL be met as part of the definition of the extension.","There can be no stigma associated with the use of extensions by any application, project, or standard - regardless of the institution or jurisdiction that uses or defines the extensions.  The use of extensions is what allows the FHIR specification to retain a core level of simplicity for everyone.","","","","","","","","",,,,,"","value:url}
","Extensions are always sliced by (at least) url",,"open","Element.extension",0,*,"","ele-1:All FHIR elements must have a @value or children {hasValue() or (children().count() > id.count())}
ext-1:Must have either extensions or value[x], not both {extension.exists() != value.exists()}"
"Subject.addressTelecom.address.use","Subject.addressTelecom.address.use","","","",0,1,"","Y","Y","code {[]} {[]}
","Use of Address","home | work | temp | old | billing - purpose of this address","Applications can assume that an address is current unless it explicitly says that it is temporary or old.","Allows an appropriate address to be chosen from a list of many.","","","","","<valueCode xmlns=""http://hl7.org/fhir"" value=""home""/>","","",,"required","The use of an address.","http://hl7.org/fhir/ValueSet/address-use|4.0.1","",,,,"Address.use",0,1,"","ele-1:All FHIR elements must have a @value or children {hasValue() or (children().count() > id.count())}
"
"Subject.addressTelecom.address.type","Subject.addressTelecom.address.type","","","",0,1,"","","Y","code {[]} {[]}
","Type of address","postal | physical | both","The definition of Address states that ""address is intended to describe postal addresses, not physical locations"". However, many applications track whether an address has a dual purpose of being a location that can be visited as well as being a valid delivery destination, and Postal addresses are often used as proxies for physical locations (also see the [Location](http://hl7.org/fhir/R4/location.html#) resource).","","","","","","<valueCode xmlns=""http://hl7.org/fhir"" value=""both""/>","","",,"required","The type of an address (physical / postal).","http://hl7.org/fhir/ValueSet/address-type|4.0.1","",,,,"Address.type",0,1,"","ele-1:All FHIR elements must have a @value or children {hasValue() or (children().count() > id.count())}
"
"Subject.addressTelecom.address.text","Subject.addressTelecom.address.text","","","",0,1,"","","Y","string {[]} {[]}
","Text representation of the address","Specifies the entire address as it should be displayed e.g. on a postal label. This may be provided instead of or as well as the specific parts.","Can provide both a text representation and parts. Applications updating an address SHALL ensure that  when both text and parts are present,  no content is included in the text that isn't found in a part.","A renderable, unencoded form.","","","","","<valueString xmlns=""http://hl7.org/fhir"" value=""137 Nowhere Street, Erewhon 9132""/>","","",,,,,"",,,,"Address.text",0,1,"","ele-1:All FHIR elements must have a @value or children {hasValue() or (children().count() > id.count())}
"
"Subject.addressTelecom.address.line","Subject.addressTelecom.address.line","","","",0,*,"","","Y","string {[]} {[]}
","Street name, number, direction & P.O. Box etc.","This component contains the house number, apartment number, street name, street direction,  P.O. Box number, delivery hints, and similar address information.","","","","","","","<valueString xmlns=""http://hl7.org/fhir"" value=""137 Nowhere Street""/>","","",,,,,"",,,,"Address.line",0,*,"","ele-1:All FHIR elements must have a @value or children {hasValue() or (children().count() > id.count())}
"
"Subject.addressTelecom.address.city","Subject.addressTelecom.address.city","","Municpality
","",0,1,"","","Y","string {[]} {[]}
","City","The city where the patient has his/her domicile.
Example: London","","","","","","","<valueString xmlns=""http://hl7.org/fhir"" value=""Erewhon""/>","","",,,,,"",,,,"Address.city",0,1,"","ele-1:All FHIR elements must have a @value or children {hasValue() or (children().count() > id.count())}
"
"Subject.addressTelecom.address.district","Subject.addressTelecom.address.district","","County
","",0,1,"","","Y","string {[]} {[]}
","District name (aka county)","The name of the administrative area (county).","District is sometimes known as county, but in some regions 'county' is used in place of city (municipality), so county name should be conveyed in city instead.","","","","","","<valueString xmlns=""http://hl7.org/fhir"" value=""Madison""/>","","",,,,,"",,,,"Address.district",0,1,"","ele-1:All FHIR elements must have a @value or children {hasValue() or (children().count() > id.count())}
"
"Subject.addressTelecom.address.state","Subject.addressTelecom.address.state","","Province
Territory","",0,1,"","","Y","string {[]} {[]}
","Sub-unit of country (abbreviations ok)","Sub-unit of a country with limited sovereignty in a federally organized country. A code may be used if codes are in common use (e.g. US 2 letter state codes).","","","","","","","","","",,,,,"",,,,"Address.state",0,1,"","ele-1:All FHIR elements must have a @value or children {hasValue() or (children().count() > id.count())}
"
"Subject.addressTelecom.address.postalCode","Subject.addressTelecom.address.postalCode","","Zip
","",0,1,"","","Y","string {[]} {[]}
","Postal Code","The postal code where the patient has his/her domicile.
Example: W1W 8LG","","","","","","","<valueString xmlns=""http://hl7.org/fhir"" value=""9132""/>","","",,,,,"",,,,"Address.postalCode",0,1,"","ele-1:All FHIR elements must have a @value or children {hasValue() or (children().count() > id.count())}
"
"Subject.addressTelecom.address.country","Subject.addressTelecom.address.country","","","",0,1,"","","Y","string {[]} {[]}
","Country (e.g. can be ISO 3166 2 or 3 letter code)","Country - a nation as commonly understood or generally accepted.","ISO 3166 3 letter codes can be used in place of a human readable country name.","","","","","","","","",,,,,"",,,,"Address.country",0,1,"","ele-1:All FHIR elements must have a @value or children {hasValue() or (children().count() > id.count())}
"
"Subject.addressTelecom.address.period","Subject.addressTelecom.address.period","","","",0,1,"","","Y","Period {[]} {[]}
","Time period when address was/is in use","Time period when address was/is in use.","","Allows addresses to be placed in historical context.","","","","","<valuePeriod xmlns=""http://hl7.org/fhir"">
  <start value=""2010-03-23""/>
  <end value=""2010-07-01""/>
</valuePeriod>","","",,,,,"",,,,"Address.period",0,1,"","ele-1:All FHIR elements must have a @value or children {hasValue() or (children().count() > id.count())}
"
"Subject.addressTelecom.address.street","Subject.addressTelecom.address.street","","","",0,1,"","","","string {[]} {[]}
","Street","The street where the patient has his/her domicile. Example: Oxford","","","","","","","","","",,,,,"",,,,"Subject.addressTelecom.address.street",0,1,"",""
"Subject.addressTelecom.address.houseNumber","Subject.addressTelecom.address.houseNumber","","","",0,1,"","","","string {[]} {[]}
","House Number","The house number of the patient","","","","","","","","","",,,,,"",,,,"Subject.addressTelecom.address.houseNumber",0,1,"",""
"Subject.addressTelecom.address.postBox","Subject.addressTelecom.address.postBox","","","",0,1,"","","","string {[]} {[]}
","Post Box","Letter box for the patient","","","","","","","","","",,,,,"",,,,"Subject.addressTelecom.address.postBox",0,1,"",""
"Subject.addressTelecom.address.stateOrProvince","Subject.addressTelecom.address.stateOrProvince","","","",0,1,"","","","string {[]} {[]}
","State or Province","The state or province where the patient has his/her domicile.
Example: London","","","","","","","","","",,,,,"",,,,"Subject.addressTelecom.address.stateOrProvince",0,1,"",""
"Subject.addressTelecom.address.countryCode","Subject.addressTelecom.address.countryCode","","","",1,1,"","","","CodeableConcept {[]} {[]}
","Country Code","The country where the patient has his/her domicile (Country of affiliation).
Example: UK","","","","","","","","","",,,,,"",,,,"Subject.addressTelecom.address.countryCode",1,1,"",""
"Subject.addressTelecom.telecom","Subject.addressTelecom.telecom","","","",0,*,"","","","ContactPoint {[]} {[]}
","Telecom","Telecommunication contact information (addresses) associated to a person. Multiple telecommunication addresses might be provided. - Preferred system(s):","","","","","","","","","",,,,,"",,,,"Subject.addressTelecom.telecom",0,*,"",""
