"Id","Path","Slice Name","Alias(s)","Label","Min","Max","Must Support?","Is Modifier?","Is Summary?","Type(s)","Short","Definition","Comments","Requirements","Default Value","Meaning When Missing","Fixed Value","Pattern","Example","Minimum Value","Maximum Value","Maximum Length","Binding Strength","Binding Description","Binding Value Set","Code","Slicing Discriminator","Slicing Description","Slicing Ordered","Slicing Rules","Base Path","Base Min","Base Max","Condition(s)","Constraint(s)"
"Result","Result","","","",0,*,"","","","null {[]} {[]}
","Results data elements","Results data elements. Section A5 of the MyHealth@EUguideline.","","","","","","","","","",,,,,"",,,,"Base",0,*,"",""
"Result.narrative","Result.narrative","","","",0,1,"","","","BackboneElement {[]} {[]}
","Laboratory report narrative","Laboratory report narrative","","","","","","","","","",,,,,"",,,,"Result.narrative",0,1,"","ele-1:All FHIR elements must have a @value or children {hasValue() or (children().count() > id.count())}
"
"Result.narrative.id","Result.narrative.id","","","",0,1,"","","","string {[]} {[]}
","Unique id for inter-element referencing","Unique id for the element within a resource (for internal references). This may be any string value that does not contain spaces.","","","","","","","","","",,,,,"",,,,"Element.id",0,1,"",""
"Result.narrative.extension","Result.narrative.extension","","extensions
user content","",0,*,"","","","Extension {[]} {[]}
","Additional content defined by implementations","May be used to represent additional information that is not part of the basic definition of the element. To make the use of extensions safe and manageable, there is a strict set of governance  applied to the definition and use of extensions. Though any implementer can define an extension, there is a set of requirements that SHALL be met as part of the definition of the extension.","There can be no stigma associated with the use of extensions by any application, project, or standard - regardless of the institution or jurisdiction that uses or defines the extensions.  The use of extensions is what allows the FHIR specification to retain a core level of simplicity for everyone.","","","","","","","","",,,,,"","value:url}
","Extensions are always sliced by (at least) url",,"open","Element.extension",0,*,"","ele-1:All FHIR elements must have a @value or children {hasValue() or (children().count() > id.count())}
ext-1:Must have either extensions or value[x], not both {extension.exists() != value.exists()}"
"Result.narrative.modifierExtension","Result.narrative.modifierExtension","","extensions
user contentmodifiers","",0,*,"","Y","Y","Extension {[]} {[]}
","Extensions that cannot be ignored even if unrecognized","May be used to represent additional information that is not part of the basic definition of the element and that modifies the understanding of the element in which it is contained and/or the understanding of the containing element's descendants. Usually modifier elements provide negation or qualification. To make the use of extensions safe and manageable, there is a strict set of governance applied to the definition and use of extensions. Though any implementer can define an extension, there is a set of requirements that SHALL be met as part of the definition of the extension. Applications processing a resource are required to check for modifier extensions.

Modifier extensions SHALL NOT change the meaning of any elements on Resource or DomainResource (including cannot change the meaning of modifierExtension itself).","There can be no stigma associated with the use of extensions by any application, project, or standard - regardless of the institution or jurisdiction that uses or defines the extensions.  The use of extensions is what allows the FHIR specification to retain a core level of simplicity for everyone.","Modifier extensions allow for extensions that *cannot* be safely ignored to be clearly distinguished from the vast majority of extensions which can be safely ignored.  This promotes interoperability by eliminating the need for implementers to prohibit the presence of extensions. For further information, see the [definition of modifier extensions](http://hl7.org/fhir/R4/extensibility.html#modifierExtension).","","","","","","","",,,,,"",,,,"BackboneElement.modifierExtension",0,*,"","ele-1:All FHIR elements must have a @value or children {hasValue() or (children().count() > id.count())}
ext-1:Must have either extensions or value[x], not both {extension.exists() != value.exists()}"
"Result.narrative.report","Result.narrative.report","","","",0,*,"","","","Narrative {[]} {[]}
","Narrative report","Entire report (textual summary inside the laboratory result report document) as issued by the laboratory.","","","","","","","","","",,,,,"",,,,"Result.narrative.report",0,*,"",""
"Result.narrative.notes","Result.narrative.notes","","","",0,*,"","","","Narrative {[]} {[]}
","Comments, interpretation and recommendations","Comments, such as a textual interpretation or advice accompanying the result report, for example.","","","","","","","","","",,,,,"",,,,"Result.narrative.notes",0,*,"",""
"Result.observation","Result.observation","","","",0,*,"","","","BackboneElement {[]} {[]}
","Observation details","The report could consist of multiple observations, some observations can have multiple component observations","","","","","","","","","",,,,,"",,,,"Result.observation",0,*,"","ele-1:All FHIR elements must have a @value or children {hasValue() or (children().count() > id.count())}
"
"Result.observation.id","Result.observation.id","","","",0,1,"","","","string {[]} {[]}
","Unique id for inter-element referencing","Unique id for the element within a resource (for internal references). This may be any string value that does not contain spaces.","","","","","","","","","",,,,,"",,,,"Element.id",0,1,"",""
"Result.observation.extension","Result.observation.extension","","extensions
user content","",0,*,"","","","Extension {[]} {[]}
","Additional content defined by implementations","May be used to represent additional information that is not part of the basic definition of the element. To make the use of extensions safe and manageable, there is a strict set of governance  applied to the definition and use of extensions. Though any implementer can define an extension, there is a set of requirements that SHALL be met as part of the definition of the extension.","There can be no stigma associated with the use of extensions by any application, project, or standard - regardless of the institution or jurisdiction that uses or defines the extensions.  The use of extensions is what allows the FHIR specification to retain a core level of simplicity for everyone.","","","","","","","","",,,,,"","value:url}
","Extensions are always sliced by (at least) url",,"open","Element.extension",0,*,"","ele-1:All FHIR elements must have a @value or children {hasValue() or (children().count() > id.count())}
ext-1:Must have either extensions or value[x], not both {extension.exists() != value.exists()}"
"Result.observation.modifierExtension","Result.observation.modifierExtension","","extensions
user contentmodifiers","",0,*,"","Y","Y","Extension {[]} {[]}
","Extensions that cannot be ignored even if unrecognized","May be used to represent additional information that is not part of the basic definition of the element and that modifies the understanding of the element in which it is contained and/or the understanding of the containing element's descendants. Usually modifier elements provide negation or qualification. To make the use of extensions safe and manageable, there is a strict set of governance applied to the definition and use of extensions. Though any implementer can define an extension, there is a set of requirements that SHALL be met as part of the definition of the extension. Applications processing a resource are required to check for modifier extensions.

Modifier extensions SHALL NOT change the meaning of any elements on Resource or DomainResource (including cannot change the meaning of modifierExtension itself).","There can be no stigma associated with the use of extensions by any application, project, or standard - regardless of the institution or jurisdiction that uses or defines the extensions.  The use of extensions is what allows the FHIR specification to retain a core level of simplicity for everyone.","Modifier extensions allow for extensions that *cannot* be safely ignored to be clearly distinguished from the vast majority of extensions which can be safely ignored.  This promotes interoperability by eliminating the need for implementers to prohibit the presence of extensions. For further information, see the [definition of modifier extensions](http://hl7.org/fhir/R4/extensibility.html#modifierExtension).","","","","","","","",,,,,"",,,,"BackboneElement.modifierExtension",0,*,"","ele-1:All FHIR elements must have a @value or children {hasValue() or (children().count() > id.count())}
ext-1:Must have either extensions or value[x], not both {extension.exists() != value.exists()}"
"Result.observation.dateTime","Result.observation.dateTime","","","",1,1,"","","","CodeableConcept {[]} {[]}
","Observation date","Date and time of the observation","","","","","","","","","",,,,,"",,,,"Result.observation.dateTime",1,1,"",""
"Result.observation.code","Result.observation.code","","","",1,*,"","","","CodeableConcept {[]} {[]}
","Observation code","Observation code","","","","","","","","","",,,,,"",,,,"Result.observation.code",1,*,"","ele-1:All FHIR elements must have a @value or children {hasValue() or (children().count() > id.count())}
"
"Result.observation.code.id","Result.observation.code.id","","","",0,1,"","","","string {[]} {[]}
","Unique id for inter-element referencing","Unique id for the element within a resource (for internal references). This may be any string value that does not contain spaces.","","","","","","","","","",,,,,"",,,,"Element.id",0,1,"",""
"Result.observation.code.extension","Result.observation.code.extension","","extensions
user content","",0,*,"","","","Extension {[]} {[]}
","Additional content defined by implementations","May be used to represent additional information that is not part of the basic definition of the element. To make the use of extensions safe and manageable, there is a strict set of governance  applied to the definition and use of extensions. Though any implementer can define an extension, there is a set of requirements that SHALL be met as part of the definition of the extension.","There can be no stigma associated with the use of extensions by any application, project, or standard - regardless of the institution or jurisdiction that uses or defines the extensions.  The use of extensions is what allows the FHIR specification to retain a core level of simplicity for everyone.","","","","","","","","",,,,,"","value:url}
","Extensions are always sliced by (at least) url",,"open","Element.extension",0,*,"","ele-1:All FHIR elements must have a @value or children {hasValue() or (children().count() > id.count())}
ext-1:Must have either extensions or value[x], not both {extension.exists() != value.exists()}"
"Result.observation.code.coding","Result.observation.code.coding","","","",0,*,"","","Y","Coding {[]} {[]}
","Code defined by a terminology system","A reference to a code defined by a terminology system.","Codes may be defined very casually in enumerations, or code lists, up to very formal definitions such as SNOMED CT - see the HL7 v3 Core Principles for more information.  Ordering of codings is undefined and SHALL NOT be used to infer meaning. Generally, at most only one of the coding values will be labeled as UserSelected = true.","Allows for alternative encodings within a code system, and translations to other code systems.","","","","","","","",,,,,"",,,,"CodeableConcept.coding",0,*,"","ele-1:All FHIR elements must have a @value or children {hasValue() or (children().count() > id.count())}
"
"Result.observation.code.text","Result.observation.code.text","","","",0,1,"","","Y","string {[]} {[]}
","Plain text representation of the concept","A human language representation of the concept as seen/selected/uttered by the user who entered the data and/or which represents the intended meaning of the user.","Very often the text is the same as a displayName of one of the codings.","The codes from the terminologies do not always capture the correct meaning with all the nuances of the human using them, or sometimes there is no appropriate code at all. In these cases, the text is used to capture the full meaning of the source.","","","","","","","",,,,,"",,,,"CodeableConcept.text",0,1,"","ele-1:All FHIR elements must have a @value or children {hasValue() or (children().count() > id.count())}
"
"Result.observation.code.code","Result.observation.code.code","","","",1,*,"","","","Coding {[]} {[]}
","Observation code","Code representing the observation using the agreed code systems","","","","","","","","","",,,,,"",,,,"Result.observation.code.code",1,*,"",""
"Result.observation.code.name","Result.observation.code.name","","","",1,1,"","","","string {[]} {[]}
","Observation name","Full name of the observation according to the used test coding standard","","","","","","","","","",,,,,"",,,,"Result.observation.code.name",1,1,"",""
"Result.observation.code.originalName","Result.observation.code.originalName","","","",0,*,"","","","string {[]} {[]}
","Observation original name","Original (conventional) name of the observation as used by the laboratory","","","","","","","","","",,,,,"",,,,"Result.observation.code.originalName",0,*,"",""
"Result.observation.code.displayName","Result.observation.code.displayName","","","",0,*,"","","","string {[]} {[]}
","Observation display name","Simplified (short name of the observation) for display.","","","","","","","","","",,,,,"",,,,"Result.observation.code.displayName",0,*,"",""
"Result.observation.method","Result.observation.method","","","",0,*,"","","","CodeableConcept {[]} {[]}
","Observation method","Observation method (measurement principle) to obtain the result.","","","","","","","","","",,,,,"",,,,"Result.observation.method",0,*,"",""
"Result.observation.device","Result.observation.device","","","",0,*,"","","","CodeableConcept {[]} {[]}
","Observation device","(Device (analyzer), laboratory test kit and used calibrator information (identifier, type, name, model, manufacturer)","","","","","","","","","",,,,,"",,,,"Result.observation.device",0,*,"","ele-1:All FHIR elements must have a @value or children {hasValue() or (children().count() > id.count())}
"
"Result.observation.device.id","Result.observation.device.id","","","",0,1,"","","","string {[]} {[]}
","Unique id for inter-element referencing","Unique id for the element within a resource (for internal references). This may be any string value that does not contain spaces.","","","","","","","","","",,,,,"",,,,"Element.id",0,1,"",""
"Result.observation.device.extension","Result.observation.device.extension","","extensions
user content","",0,*,"","","","Extension {[]} {[]}
","Additional content defined by implementations","May be used to represent additional information that is not part of the basic definition of the element. To make the use of extensions safe and manageable, there is a strict set of governance  applied to the definition and use of extensions. Though any implementer can define an extension, there is a set of requirements that SHALL be met as part of the definition of the extension.","There can be no stigma associated with the use of extensions by any application, project, or standard - regardless of the institution or jurisdiction that uses or defines the extensions.  The use of extensions is what allows the FHIR specification to retain a core level of simplicity for everyone.","","","","","","","","",,,,,"","value:url}
","Extensions are always sliced by (at least) url",,"open","Element.extension",0,*,"","ele-1:All FHIR elements must have a @value or children {hasValue() or (children().count() > id.count())}
ext-1:Must have either extensions or value[x], not both {extension.exists() != value.exists()}"
"Result.observation.device.coding","Result.observation.device.coding","","","",0,*,"","","Y","Coding {[]} {[]}
","Code defined by a terminology system","A reference to a code defined by a terminology system.","Codes may be defined very casually in enumerations, or code lists, up to very formal definitions such as SNOMED CT - see the HL7 v3 Core Principles for more information.  Ordering of codings is undefined and SHALL NOT be used to infer meaning. Generally, at most only one of the coding values will be labeled as UserSelected = true.","Allows for alternative encodings within a code system, and translations to other code systems.","","","","","","","",,,,,"",,,,"CodeableConcept.coding",0,*,"","ele-1:All FHIR elements must have a @value or children {hasValue() or (children().count() > id.count())}
"
"Result.observation.device.text","Result.observation.device.text","","","",0,1,"","","Y","string {[]} {[]}
","Plain text representation of the concept","A human language representation of the concept as seen/selected/uttered by the user who entered the data and/or which represents the intended meaning of the user.","Very often the text is the same as a displayName of one of the codings.","The codes from the terminologies do not always capture the correct meaning with all the nuances of the human using them, or sometimes there is no appropriate code at all. In these cases, the text is used to capture the full meaning of the source.","","","","","","","",,,,,"",,,,"CodeableConcept.text",0,1,"","ele-1:All FHIR elements must have a @value or children {hasValue() or (children().count() > id.count())}
"
"Result.observation.device.name","Result.observation.device.name","","","",0,*,"","","","CodeableConcept {[]} {[]}
","Device Name","The name of the device as given by the manufacturer","","","","","","","","","",,,,,"",,,,"Result.observation.device.name",0,*,"",""
"Result.observation.device.modelName","Result.observation.device.modelName","","","",0,*,"","","","string {[]} {[]}
","Model Name","Model name of the device","","","","","","","","","",,,,,"",,,,"Result.observation.device.modelName",0,*,"",""
"Result.observation.device.identifier","Result.observation.device.identifier","","","",0,*,"","","","string {[]} {[]}
","Device Identifier","Unique device identifier","","","","","","","","","",,,,,"",,,,"Result.observation.device.identifier",0,*,"",""
"Result.observation.device.type","Result.observation.device.type","","","",0,*,"","","","Identifier {[]} {[]}
","Device Type","Kind or Type of device","","","","","","","","","",,,,,"",,,,"Result.observation.device.type",0,*,"",""
"Result.observation.device.manufacturer","Result.observation.device.manufacturer","","","",0,*,"","","","string {[]} {[]}
","Manufacturer","Name of device manufacturer","","","","","","","","","",,,,,"",,,,"Result.observation.device.manufacturer",0,*,"",""
"Result.observation.device.labKit","Result.observation.device.labKit","","","",0,*,"","","","BackboneElement {[]} {[]}
","Laboratory Kit Information","Laboratory Kit Information","","","","","","","","","",,,,,"",,,,"Result.observation.device.labKit",0,*,"",""
"Result.observation.referenceMaterial","Result.observation.referenceMaterial","","","",0,*,"","","","BackboneElement {[]} {[]}
","Certified Reference Material","Information about which end-user calibrator the laboratory has been used for the measurement to indicate the metrological traceability chain.","","","","","","","","","",,,,,"",,,,"Result.observation.referenceMaterial",0,*,"",""
"Result.observation.order","Result.observation.order","","","",0,*,"","","","BackboneElement {[]} {[]}
","Order","Identifies order and order placer this observation belongs to.","","","","","","","","","",,,,,"",,,,"Result.observation.order",0,*,"",""
"Result.observation.specimen","Result.observation.specimen","","","",0,*,"","","","BackboneElement {[]} {[]}
","Specimen","Identifies specimen this observation refers to","","","","","","","","","",,,,,"",,,,"Result.observation.specimen",0,*,"",""
"Result.observation.performer","Result.observation.performer","","","",0,*,"","","","BackboneElement {[]} {[]}
","Performer","Identifies the originator/author and provides provenance information about the source of the results data that may have not originated with the source of the whole Laboratory Report document.","","","","","","","","","",,,,,"",,,,"Result.observation.performer",0,*,"","ele-1:All FHIR elements must have a @value or children {hasValue() or (children().count() > id.count())}
"
"Result.observation.performer.id","Result.observation.performer.id","","","",0,1,"","","","string {[]} {[]}
","Unique id for inter-element referencing","Unique id for the element within a resource (for internal references). This may be any string value that does not contain spaces.","","","","","","","","","",,,,,"",,,,"Element.id",0,1,"",""
"Result.observation.performer.extension","Result.observation.performer.extension","","extensions
user content","",0,*,"","","","Extension {[]} {[]}
","Additional content defined by implementations","May be used to represent additional information that is not part of the basic definition of the element. To make the use of extensions safe and manageable, there is a strict set of governance  applied to the definition and use of extensions. Though any implementer can define an extension, there is a set of requirements that SHALL be met as part of the definition of the extension.","There can be no stigma associated with the use of extensions by any application, project, or standard - regardless of the institution or jurisdiction that uses or defines the extensions.  The use of extensions is what allows the FHIR specification to retain a core level of simplicity for everyone.","","","","","","","","",,,,,"","value:url}
","Extensions are always sliced by (at least) url",,"open","Element.extension",0,*,"","ele-1:All FHIR elements must have a @value or children {hasValue() or (children().count() > id.count())}
ext-1:Must have either extensions or value[x], not both {extension.exists() != value.exists()}"
"Result.observation.performer.modifierExtension","Result.observation.performer.modifierExtension","","extensions
user contentmodifiers","",0,*,"","Y","Y","Extension {[]} {[]}
","Extensions that cannot be ignored even if unrecognized","May be used to represent additional information that is not part of the basic definition of the element and that modifies the understanding of the element in which it is contained and/or the understanding of the containing element's descendants. Usually modifier elements provide negation or qualification. To make the use of extensions safe and manageable, there is a strict set of governance applied to the definition and use of extensions. Though any implementer can define an extension, there is a set of requirements that SHALL be met as part of the definition of the extension. Applications processing a resource are required to check for modifier extensions.

Modifier extensions SHALL NOT change the meaning of any elements on Resource or DomainResource (including cannot change the meaning of modifierExtension itself).","There can be no stigma associated with the use of extensions by any application, project, or standard - regardless of the institution or jurisdiction that uses or defines the extensions.  The use of extensions is what allows the FHIR specification to retain a core level of simplicity for everyone.","Modifier extensions allow for extensions that *cannot* be safely ignored to be clearly distinguished from the vast majority of extensions which can be safely ignored.  This promotes interoperability by eliminating the need for implementers to prohibit the presence of extensions. For further information, see the [definition of modifier extensions](http://hl7.org/fhir/R4/extensibility.html#modifierExtension).","","","","","","","",,,,,"",,,,"BackboneElement.modifierExtension",0,*,"","ele-1:All FHIR elements must have a @value or children {hasValue() or (children().count() > id.count())}
ext-1:Must have either extensions or value[x], not both {extension.exists() != value.exists()}"
"Result.observation.performer.identifier","Result.observation.performer.identifier","","","",0,*,"","","","Identifier {[]} {[]}
","Performer identifier","Health professional identification number","","","","","","","","","",,,,,"",,,,"Result.observation.performer.identifier",0,*,"",""
"Result.observation.performer.name","Result.observation.performer.name","","","",0,*,"","","","HumanName {[]} {[]}
","Performer Name","Name of the Health professional","","","","","","","","","",,,,,"",,,,"Result.observation.performer.name",0,*,"",""
"Result.observation.performer.telecom","Result.observation.performer.telecom","","","",0,*,"","","","ContactPoint {[]} {[]}
","Performer telecom","Contact details that are specific to the role/location/service","","","","","","","","","",,,,,"",,,,"Result.observation.performer.telecom",0,*,"",""
"Result.observation.performer.role","Result.observation.performer.role","","","",0,*,"","","","CodeableConcept {[]} {[]}
","Performer Role","Health professional role","","","","","","","","","",,,,,"",,,,"Result.observation.performer.role",0,*,"",""
"Result.observation.performer.organization","Result.observation.performer.organization","","","",0,*,"","","","BackboneElement {[]} {[]}
","Performer Organization","(Organization where the roles of practitioner are available or organization as the performer)","","","","","","","","","",,,,,"",,,,"Result.observation.performer.organization",0,*,"","ele-1:All FHIR elements must have a @value or children {hasValue() or (children().count() > id.count())}
"
"Result.observation.performer.organization.id","Result.observation.performer.organization.id","","","",0,1,"","","","string {[]} {[]}
","Unique id for inter-element referencing","Unique id for the element within a resource (for internal references). This may be any string value that does not contain spaces.","","","","","","","","","",,,,,"",,,,"Element.id",0,1,"",""
"Result.observation.performer.organization.extension","Result.observation.performer.organization.extension","","extensions
user content","",0,*,"","","","Extension {[]} {[]}
","Additional content defined by implementations","May be used to represent additional information that is not part of the basic definition of the element. To make the use of extensions safe and manageable, there is a strict set of governance  applied to the definition and use of extensions. Though any implementer can define an extension, there is a set of requirements that SHALL be met as part of the definition of the extension.","There can be no stigma associated with the use of extensions by any application, project, or standard - regardless of the institution or jurisdiction that uses or defines the extensions.  The use of extensions is what allows the FHIR specification to retain a core level of simplicity for everyone.","","","","","","","","",,,,,"","value:url}
","Extensions are always sliced by (at least) url",,"open","Element.extension",0,*,"","ele-1:All FHIR elements must have a @value or children {hasValue() or (children().count() > id.count())}
ext-1:Must have either extensions or value[x], not both {extension.exists() != value.exists()}"
"Result.observation.performer.organization.modifierExtension","Result.observation.performer.organization.modifierExtension","","extensions
user contentmodifiers","",0,*,"","Y","Y","Extension {[]} {[]}
","Extensions that cannot be ignored even if unrecognized","May be used to represent additional information that is not part of the basic definition of the element and that modifies the understanding of the element in which it is contained and/or the understanding of the containing element's descendants. Usually modifier elements provide negation or qualification. To make the use of extensions safe and manageable, there is a strict set of governance applied to the definition and use of extensions. Though any implementer can define an extension, there is a set of requirements that SHALL be met as part of the definition of the extension. Applications processing a resource are required to check for modifier extensions.

Modifier extensions SHALL NOT change the meaning of any elements on Resource or DomainResource (including cannot change the meaning of modifierExtension itself).","There can be no stigma associated with the use of extensions by any application, project, or standard - regardless of the institution or jurisdiction that uses or defines the extensions.  The use of extensions is what allows the FHIR specification to retain a core level of simplicity for everyone.","Modifier extensions allow for extensions that *cannot* be safely ignored to be clearly distinguished from the vast majority of extensions which can be safely ignored.  This promotes interoperability by eliminating the need for implementers to prohibit the presence of extensions. For further information, see the [definition of modifier extensions](http://hl7.org/fhir/R4/extensibility.html#modifierExtension).","","","","","","","",,,,,"",,,,"BackboneElement.modifierExtension",0,*,"","ele-1:All FHIR elements must have a @value or children {hasValue() or (children().count() > id.count())}
ext-1:Must have either extensions or value[x], not both {extension.exists() != value.exists()}"
"Result.observation.performer.organization.name","Result.observation.performer.organization.name","","","",0,*,"","","","string {[]} {[]}
","Organization Name","Name of the organization","","","","","","","","","",,,,,"",,,,"Result.observation.performer.organization.name",0,*,"",""
"Result.observation.performer.organization.address","Result.observation.performer.organization.address","","","",0,*,"","","","Address {[]} {[]}
","Organization Address","Address of the organization","","","","","","","","","",,,,,"",,,,"Result.observation.performer.organization.address",0,*,"",""
"Result.observation.performer.organization.telecom","Result.observation.performer.organization.telecom","","","",0,*,"","","","ContactPoint {[]} {[]}
","Organization telecom","Telecom of the organization","","","","","","","","","",,,,,"",,,,"Result.observation.performer.organization.telecom",0,*,"",""
"Result.observation.reporter","Result.observation.reporter","","","",0,*,"","","","BackboneElement {[]} {[]}
","Reporter","With certain observation results, e.g. there may also be an interpreter or a person responsible for validation.","","","","","","","","","",,,,,"",,,,"Result.observation.reporter",0,*,"","ele-1:All FHIR elements must have a @value or children {hasValue() or (children().count() > id.count())}
"
"Result.observation.reporter.id","Result.observation.reporter.id","","","",0,1,"","","","string {[]} {[]}
","Unique id for inter-element referencing","Unique id for the element within a resource (for internal references). This may be any string value that does not contain spaces.","","","","","","","","","",,,,,"",,,,"Element.id",0,1,"",""
"Result.observation.reporter.extension","Result.observation.reporter.extension","","extensions
user content","",0,*,"","","","Extension {[]} {[]}
","Additional content defined by implementations","May be used to represent additional information that is not part of the basic definition of the element. To make the use of extensions safe and manageable, there is a strict set of governance  applied to the definition and use of extensions. Though any implementer can define an extension, there is a set of requirements that SHALL be met as part of the definition of the extension.","There can be no stigma associated with the use of extensions by any application, project, or standard - regardless of the institution or jurisdiction that uses or defines the extensions.  The use of extensions is what allows the FHIR specification to retain a core level of simplicity for everyone.","","","","","","","","",,,,,"","value:url}
","Extensions are always sliced by (at least) url",,"open","Element.extension",0,*,"","ele-1:All FHIR elements must have a @value or children {hasValue() or (children().count() > id.count())}
ext-1:Must have either extensions or value[x], not both {extension.exists() != value.exists()}"
"Result.observation.reporter.modifierExtension","Result.observation.reporter.modifierExtension","","extensions
user contentmodifiers","",0,*,"","Y","Y","Extension {[]} {[]}
","Extensions that cannot be ignored even if unrecognized","May be used to represent additional information that is not part of the basic definition of the element and that modifies the understanding of the element in which it is contained and/or the understanding of the containing element's descendants. Usually modifier elements provide negation or qualification. To make the use of extensions safe and manageable, there is a strict set of governance applied to the definition and use of extensions. Though any implementer can define an extension, there is a set of requirements that SHALL be met as part of the definition of the extension. Applications processing a resource are required to check for modifier extensions.

Modifier extensions SHALL NOT change the meaning of any elements on Resource or DomainResource (including cannot change the meaning of modifierExtension itself).","There can be no stigma associated with the use of extensions by any application, project, or standard - regardless of the institution or jurisdiction that uses or defines the extensions.  The use of extensions is what allows the FHIR specification to retain a core level of simplicity for everyone.","Modifier extensions allow for extensions that *cannot* be safely ignored to be clearly distinguished from the vast majority of extensions which can be safely ignored.  This promotes interoperability by eliminating the need for implementers to prohibit the presence of extensions. For further information, see the [definition of modifier extensions](http://hl7.org/fhir/R4/extensibility.html#modifierExtension).","","","","","","","",,,,,"",,,,"BackboneElement.modifierExtension",0,*,"","ele-1:All FHIR elements must have a @value or children {hasValue() or (children().count() > id.count())}
ext-1:Must have either extensions or value[x], not both {extension.exists() != value.exists()}"
"Result.observation.reporter.name","Result.observation.reporter.name","","","",0,*,"","","","HumanName {[]} {[]}
","Reporter Name","Name of the Reporter","","","","","","","","","",,,,,"",,,,"Result.observation.reporter.name",0,*,"",""
"Result.observation.reporter.telecom","Result.observation.reporter.telecom","","","",0,*,"","","","ContactPoint {[]} {[]}
","Reporter telecom","Contact details that are specific to the role/location/service","","","","","","","","","",,,,,"",,,,"Result.observation.reporter.telecom",0,*,"",""
"Result.observation.reporter.role","Result.observation.reporter.role","","","",0,*,"","","","CodeableConcept {[]} {[]}
","Reporter Role","Healthcare professional role","","","","","","","","","",,,,,"",,,,"Result.observation.reporter.role",0,*,"",""
"Result.observation.reporter.organization","Result.observation.reporter.organization","","","",0,*,"","","","BackboneElement {[]} {[]}
","Reporter Organization","(Organization where the roles of reporter are available)","","","","","","","","","",,,,,"",,,,"Result.observation.reporter.organization",0,*,"","ele-1:All FHIR elements must have a @value or children {hasValue() or (children().count() > id.count())}
"
"Result.observation.reporter.organization.id","Result.observation.reporter.organization.id","","","",0,1,"","","","string {[]} {[]}
","Unique id for inter-element referencing","Unique id for the element within a resource (for internal references). This may be any string value that does not contain spaces.","","","","","","","","","",,,,,"",,,,"Element.id",0,1,"",""
"Result.observation.reporter.organization.extension","Result.observation.reporter.organization.extension","","extensions
user content","",0,*,"","","","Extension {[]} {[]}
","Additional content defined by implementations","May be used to represent additional information that is not part of the basic definition of the element. To make the use of extensions safe and manageable, there is a strict set of governance  applied to the definition and use of extensions. Though any implementer can define an extension, there is a set of requirements that SHALL be met as part of the definition of the extension.","There can be no stigma associated with the use of extensions by any application, project, or standard - regardless of the institution or jurisdiction that uses or defines the extensions.  The use of extensions is what allows the FHIR specification to retain a core level of simplicity for everyone.","","","","","","","","",,,,,"","value:url}
","Extensions are always sliced by (at least) url",,"open","Element.extension",0,*,"","ele-1:All FHIR elements must have a @value or children {hasValue() or (children().count() > id.count())}
ext-1:Must have either extensions or value[x], not both {extension.exists() != value.exists()}"
"Result.observation.reporter.organization.modifierExtension","Result.observation.reporter.organization.modifierExtension","","extensions
user contentmodifiers","",0,*,"","Y","Y","Extension {[]} {[]}
","Extensions that cannot be ignored even if unrecognized","May be used to represent additional information that is not part of the basic definition of the element and that modifies the understanding of the element in which it is contained and/or the understanding of the containing element's descendants. Usually modifier elements provide negation or qualification. To make the use of extensions safe and manageable, there is a strict set of governance applied to the definition and use of extensions. Though any implementer can define an extension, there is a set of requirements that SHALL be met as part of the definition of the extension. Applications processing a resource are required to check for modifier extensions.

Modifier extensions SHALL NOT change the meaning of any elements on Resource or DomainResource (including cannot change the meaning of modifierExtension itself).","There can be no stigma associated with the use of extensions by any application, project, or standard - regardless of the institution or jurisdiction that uses or defines the extensions.  The use of extensions is what allows the FHIR specification to retain a core level of simplicity for everyone.","Modifier extensions allow for extensions that *cannot* be safely ignored to be clearly distinguished from the vast majority of extensions which can be safely ignored.  This promotes interoperability by eliminating the need for implementers to prohibit the presence of extensions. For further information, see the [definition of modifier extensions](http://hl7.org/fhir/R4/extensibility.html#modifierExtension).","","","","","","","",,,,,"",,,,"BackboneElement.modifierExtension",0,*,"","ele-1:All FHIR elements must have a @value or children {hasValue() or (children().count() > id.count())}
ext-1:Must have either extensions or value[x], not both {extension.exists() != value.exists()}"
"Result.observation.reporter.organization.name","Result.observation.reporter.organization.name","","","",0,*,"","","","string {[]} {[]}
","Organization Name","Name of the organization","","","","","","","","","",,,,,"",,,,"Result.observation.reporter.organization.name",0,*,"",""
"Result.observation.reporter.organization.address","Result.observation.reporter.organization.address","","","",0,*,"","","","Address {[]} {[]}
","Organization Address","Address of the organization","","","","","","","","","",,,,,"",,,,"Result.observation.reporter.organization.address",0,*,"",""
"Result.observation.reporter.organization.telecom","Result.observation.reporter.organization.telecom","","","",0,*,"","","","ContactPoint {[]} {[]}
","Organization telecom","Telecom of the organization","","","","","","","","","",,,,,"",,,,"Result.observation.reporter.organization.telecom",0,*,"",""
"Result.observation.result","Result.observation.result","","","",0,*,"","","","BackboneElement {[]} {[]}
","Observation result","Result of the observation including text, numeric and coded results of the measurement with measurement units and measurement uncertainty and other aspects necessary for proper interpretation and comparability of the result of the observation. Content of the observation result will vary according to the type of the observation.","","","","","","","","","",,,,,"",,,,"Result.observation.result",0,*,"","ele-1:All FHIR elements must have a @value or children {hasValue() or (children().count() > id.count())}
"
"Result.observation.result.id","Result.observation.result.id","","","",0,1,"","","","string {[]} {[]}
","Unique id for inter-element referencing","Unique id for the element within a resource (for internal references). This may be any string value that does not contain spaces.","","","","","","","","","",,,,,"",,,,"Element.id",0,1,"",""
"Result.observation.result.extension","Result.observation.result.extension","","extensions
user content","",0,*,"","","","Extension {[]} {[]}
","Additional content defined by implementations","May be used to represent additional information that is not part of the basic definition of the element. To make the use of extensions safe and manageable, there is a strict set of governance  applied to the definition and use of extensions. Though any implementer can define an extension, there is a set of requirements that SHALL be met as part of the definition of the extension.","There can be no stigma associated with the use of extensions by any application, project, or standard - regardless of the institution or jurisdiction that uses or defines the extensions.  The use of extensions is what allows the FHIR specification to retain a core level of simplicity for everyone.","","","","","","","","",,,,,"","value:url}
","Extensions are always sliced by (at least) url",,"open","Element.extension",0,*,"","ele-1:All FHIR elements must have a @value or children {hasValue() or (children().count() > id.count())}
ext-1:Must have either extensions or value[x], not both {extension.exists() != value.exists()}"
"Result.observation.result.modifierExtension","Result.observation.result.modifierExtension","","extensions
user contentmodifiers","",0,*,"","Y","Y","Extension {[]} {[]}
","Extensions that cannot be ignored even if unrecognized","May be used to represent additional information that is not part of the basic definition of the element and that modifies the understanding of the element in which it is contained and/or the understanding of the containing element's descendants. Usually modifier elements provide negation or qualification. To make the use of extensions safe and manageable, there is a strict set of governance applied to the definition and use of extensions. Though any implementer can define an extension, there is a set of requirements that SHALL be met as part of the definition of the extension. Applications processing a resource are required to check for modifier extensions.

Modifier extensions SHALL NOT change the meaning of any elements on Resource or DomainResource (including cannot change the meaning of modifierExtension itself).","There can be no stigma associated with the use of extensions by any application, project, or standard - regardless of the institution or jurisdiction that uses or defines the extensions.  The use of extensions is what allows the FHIR specification to retain a core level of simplicity for everyone.","Modifier extensions allow for extensions that *cannot* be safely ignored to be clearly distinguished from the vast majority of extensions which can be safely ignored.  This promotes interoperability by eliminating the need for implementers to prohibit the presence of extensions. For further information, see the [definition of modifier extensions](http://hl7.org/fhir/R4/extensibility.html#modifierExtension).","","","","","","","",,,,,"",,,,"BackboneElement.modifierExtension",0,*,"","ele-1:All FHIR elements must have a @value or children {hasValue() or (children().count() > id.count())}
ext-1:Must have either extensions or value[x], not both {extension.exists() != value.exists()}"
"Result.observation.result.text","Result.observation.result.text","","","",0,*,"","","","string {[]} {[]}
","Textual Result","Narrative text result","","","","","","","","","",,,,,"",,,,"Result.observation.result.text",0,*,"",""
"Result.observation.result.numeric","Result.observation.result.numeric","","","",0,*,"","","","Quantity {[]} {[]}
","Numeric Result","A numeric value or interval (open or closed) of the result, Result units of the measurement should be provided Measurement uncertainty interval are provided if needed.","","","","","","","","","",,,,,"",,,,"Result.observation.result.numeric",0,*,"",""
"Result.observation.result.coded","Result.observation.result.coded","","","",0,*,"","","","CodeableConcept {[]} {[]}
","Coded Result","A coded result from a selected coding system(s). This could be a code describing bacteria or other microorganism identified, description of urinary concernment, code explaining technical reason why the test could not be done etc.","","","","","","","","","",,,,,"",,,,"Result.observation.result.coded",0,*,"",""
"Result.observation.interpretation","Result.observation.interpretation","","","",0,*,"","","","BackboneElement {[]} {[]}
","Observation interpretation","Information about reference intervals and result interpretation","","","","","","","","","",,,,,"",,,,"Result.observation.interpretation",0,*,"","ele-1:All FHIR elements must have a @value or children {hasValue() or (children().count() > id.count())}
"
"Result.observation.interpretation.id","Result.observation.interpretation.id","","","",0,1,"","","","string {[]} {[]}
","Unique id for inter-element referencing","Unique id for the element within a resource (for internal references). This may be any string value that does not contain spaces.","","","","","","","","","",,,,,"",,,,"Element.id",0,1,"",""
"Result.observation.interpretation.extension","Result.observation.interpretation.extension","","extensions
user content","",0,*,"","","","Extension {[]} {[]}
","Additional content defined by implementations","May be used to represent additional information that is not part of the basic definition of the element. To make the use of extensions safe and manageable, there is a strict set of governance  applied to the definition and use of extensions. Though any implementer can define an extension, there is a set of requirements that SHALL be met as part of the definition of the extension.","There can be no stigma associated with the use of extensions by any application, project, or standard - regardless of the institution or jurisdiction that uses or defines the extensions.  The use of extensions is what allows the FHIR specification to retain a core level of simplicity for everyone.","","","","","","","","",,,,,"","value:url}
","Extensions are always sliced by (at least) url",,"open","Element.extension",0,*,"","ele-1:All FHIR elements must have a @value or children {hasValue() or (children().count() > id.count())}
ext-1:Must have either extensions or value[x], not both {extension.exists() != value.exists()}"
"Result.observation.interpretation.modifierExtension","Result.observation.interpretation.modifierExtension","","extensions
user contentmodifiers","",0,*,"","Y","Y","Extension {[]} {[]}
","Extensions that cannot be ignored even if unrecognized","May be used to represent additional information that is not part of the basic definition of the element and that modifies the understanding of the element in which it is contained and/or the understanding of the containing element's descendants. Usually modifier elements provide negation or qualification. To make the use of extensions safe and manageable, there is a strict set of governance applied to the definition and use of extensions. Though any implementer can define an extension, there is a set of requirements that SHALL be met as part of the definition of the extension. Applications processing a resource are required to check for modifier extensions.

Modifier extensions SHALL NOT change the meaning of any elements on Resource or DomainResource (including cannot change the meaning of modifierExtension itself).","There can be no stigma associated with the use of extensions by any application, project, or standard - regardless of the institution or jurisdiction that uses or defines the extensions.  The use of extensions is what allows the FHIR specification to retain a core level of simplicity for everyone.","Modifier extensions allow for extensions that *cannot* be safely ignored to be clearly distinguished from the vast majority of extensions which can be safely ignored.  This promotes interoperability by eliminating the need for implementers to prohibit the presence of extensions. For further information, see the [definition of modifier extensions](http://hl7.org/fhir/R4/extensibility.html#modifierExtension).","","","","","","","",,,,,"",,,,"BackboneElement.modifierExtension",0,*,"","ele-1:All FHIR elements must have a @value or children {hasValue() or (children().count() > id.count())}
ext-1:Must have either extensions or value[x], not both {extension.exists() != value.exists()}"
"Result.observation.interpretation.code","Result.observation.interpretation.code","","","",0,*,"","","","CodeableConcept {[]} {[]}
","Result interpretation code","Codes identifying interpretations of observations","","","","","","","","","",,,,,"",,,,"Result.observation.interpretation.code",0,*,"",""
"Result.observation.interpretation.referenceRange","Result.observation.interpretation.referenceRange","","","",0,*,"","","","Range {[]} {[]}
","Standard reference range","Provides guide for interpretation of result. Reference ranges are usually implied only for a numeric scale type. Use of the same units for reference range and value is implied.","","","","","","","","","",,,,,"",,,,"Result.observation.interpretation.referenceRange",0,*,"",""
"Result.observation.description","Result.observation.description","","","",0,*,"","","","Narrative {[]} {[]}
","Result description","Comments and narrative representation of the observation result and findings.","","","","","","","","","",,,,,"",,,,"Result.observation.description",0,*,"",""
"Result.observation.accreditationStatus","Result.observation.accreditationStatus","","","",0,*,"","","","BackboneElement {[]} {[]}
","Accreditation status","Accreditation status of the laboratory for the particular observation.","","","","","","","","","",,,,,"",,,,"Result.observation.accreditationStatus",0,*,"",""
