"Id","Path","Slice Name","Alias(s)","Label","Min","Max","Must Support?","Is Modifier?","Is Summary?","Type(s)","Short","Definition","Comments","Requirements","Default Value","Meaning When Missing","Fixed Value","Pattern","Example","Minimum Value","Maximum Value","Maximum Length","Binding Strength","Binding Description","Binding Value Set","Code","Slicing Discriminator","Slicing Description","Slicing Ordered","Slicing Rules","Base Path","Base Min","Base Max","Condition(s)","Constraint(s)"
"LegalAuthenticator","LegalAuthenticator","","","",0,*,"","","","null {[]} {[]}
","Legal authenticator","Legal authenticator (The person taking responsibility for the medical content of the document).
Section A1.6 of the MyHealth@EUguideline.","","","","","","","","","",,,,,"",,,,"Base",0,*,"",""
"LegalAuthenticator.identifier","LegalAuthenticator.identifier","","","",0,1,"","","","Identifier {[]} {[]}
","Legal authenticator identifier","The health professional identification number. Either an internal identifier assigned by a healthcare provider institution or (preferably) a national health professional ID such as the license or registration number.","","","","","","","","","",,,,,"",,,,"LegalAuthenticator.identifier",0,1,"",""
"LegalAuthenticator.name","LegalAuthenticator.name","","","",0,*,"","","","HumanName {[]} {[]}
","Legal authenticator name","Person name","","","","","","","","","",,,,,"",,,,"LegalAuthenticator.name",0,*,"",""
"LegalAuthenticator.organization","LegalAuthenticator.organization","","","",0,*,"","","","BackboneElement {[]} {[]}
","Legal authenticator organization","(The healthcare provider organization information)","","","","","","","","","",,,,,"",,,,"LegalAuthenticator.organization",0,*,"","ele-1:All FHIR elements must have a @value or children {hasValue() or (children().count() > id.count())}
"
"LegalAuthenticator.organization.id","LegalAuthenticator.organization.id","","","",0,1,"","","","string {[]} {[]}
","Unique id for inter-element referencing","Unique id for the element within a resource (for internal references). This may be any string value that does not contain spaces.","","","","","","","","","",,,,,"",,,,"Element.id",0,1,"",""
"LegalAuthenticator.organization.extension","LegalAuthenticator.organization.extension","","extensions
user content","",0,*,"","","","Extension {[]} {[]}
","Additional content defined by implementations","May be used to represent additional information that is not part of the basic definition of the element. To make the use of extensions safe and manageable, there is a strict set of governance  applied to the definition and use of extensions. Though any implementer can define an extension, there is a set of requirements that SHALL be met as part of the definition of the extension.","There can be no stigma associated with the use of extensions by any application, project, or standard - regardless of the institution or jurisdiction that uses or defines the extensions.  The use of extensions is what allows the FHIR specification to retain a core level of simplicity for everyone.","","","","","","","","",,,,,"","value:url}
","Extensions are always sliced by (at least) url",,"open","Element.extension",0,*,"","ele-1:All FHIR elements must have a @value or children {hasValue() or (children().count() > id.count())}
ext-1:Must have either extensions or value[x], not both {extension.exists() != value.exists()}"
"LegalAuthenticator.organization.modifierExtension","LegalAuthenticator.organization.modifierExtension","","extensions
user contentmodifiers","",0,*,"","Y","Y","Extension {[]} {[]}
","Extensions that cannot be ignored even if unrecognized","May be used to represent additional information that is not part of the basic definition of the element and that modifies the understanding of the element in which it is contained and/or the understanding of the containing element's descendants. Usually modifier elements provide negation or qualification. To make the use of extensions safe and manageable, there is a strict set of governance applied to the definition and use of extensions. Though any implementer can define an extension, there is a set of requirements that SHALL be met as part of the definition of the extension. Applications processing a resource are required to check for modifier extensions.

Modifier extensions SHALL NOT change the meaning of any elements on Resource or DomainResource (including cannot change the meaning of modifierExtension itself).","There can be no stigma associated with the use of extensions by any application, project, or standard - regardless of the institution or jurisdiction that uses or defines the extensions.  The use of extensions is what allows the FHIR specification to retain a core level of simplicity for everyone.","Modifier extensions allow for extensions that *cannot* be safely ignored to be clearly distinguished from the vast majority of extensions which can be safely ignored.  This promotes interoperability by eliminating the need for implementers to prohibit the presence of extensions. For further information, see the [definition of modifier extensions](http://hl7.org/fhir/R4/extensibility.html#modifierExtension).","","","","","","","",,,,,"",,,,"BackboneElement.modifierExtension",0,*,"","ele-1:All FHIR elements must have a @value or children {hasValue() or (children().count() > id.count())}
ext-1:Must have either extensions or value[x], not both {extension.exists() != value.exists()}"
"LegalAuthenticator.organization.name","LegalAuthenticator.organization.name","","","",0,1,"","","","string {[]} {[]}
","Organization Name","Name of the organization","","","","","","","","","",,,,,"",,,,"LegalAuthenticator.organization.name",0,1,"",""
"LegalAuthenticator.organization.address","LegalAuthenticator.organization.address","","","",0,*,"","","","Address {[]} {[]}
","Organization Address","Address of the organization","","","","","","","","","",,,,,"",,,,"LegalAuthenticator.organization.address",0,*,"",""
"LegalAuthenticator.organization.telecom","LegalAuthenticator.organization.telecom","","","",0,*,"","","","ContactPoint {[]} {[]}
","Organization telecom","Telecom of the organization","","","","","","","","","",,,,,"",,,,"LegalAuthenticator.organization.telecom",0,*,"",""
"LegalAuthenticator.dateTime","LegalAuthenticator.dateTime","","","",0,1,"","","","dateTime {[]} {[]}
","Authentication date and time","Date and time when the document was authorized.","","","","","","","","","",,,,,"",,,,"LegalAuthenticator.dateTime",0,1,"",""
