URL,Version,Status,OIDs,Name,Title,Descriptino,Uses,Used,Sources
http://fhir.ehdsi.eu/laboratory/ValueSet/eHDSIAnimalSpeciesWithExceptions,0.0.1,draft,,EHDSIAnimalSpeciesWithExceptions,eHDSI Animal Species with exceptions,"The Value Set is used to code the animal species of specimen subject (animal of the patient). It also includes exceptional values.",,
http://fhir.ehdsi.eu/laboratory/ValueSet/eHDSIBodySiteWithExceptions,0.0.1,draft,,EHDSIBodySiteWithExceptions,eHDSI Body Site with exceptions,"The Value Set is used for the details about the anatomical location of a specimen in the Laboratory Result Report or the target body location of a procedure in the Patient Summary. It includes also exceptional values.","StructureDefinition/Specimen-lab-myhealtheu,StructureDefinition/BodyStructure-lab-myhealtheu",
http://fhir.ehdsi.eu/laboratory/ValueSet/eHDSIBodyStructureLocationWithExceptions,0.0.1,draft,,EHDSIBodyStructureLocationWithExceptions,eHDSI Body Structure Location Qualifier with exceptions,"This Value Set is used for the body structure location qualifier. Concepts modifying the anatomic location. It also includes exceptional values.","StructureDefinition/BodyStructure-lab-myhealtheu",
http://fhir.ehdsi.eu/laboratory/ValueSet/eHDSILabCodeWithExceptions,0.0.1,draft,,EHDSILabCodeWithExceptions,eHDSI Laboratory Codes with exceptions,"This Value Set is used for the standard laboratory codes. It also includes exceptional values.","StructureDefinition/ServiceRequest-lab-myhealtheu,StructureDefinition/Observation-resultslab-lab-myhealtheu",
http://fhir.ehdsi.eu/laboratory/ValueSet/eHDSILabSpecimenTypeWithExceptions,0.0.1,draft,,EHDSILabSpecimenTypeWithExceptions,eHDSI Laboratory Specimen Type with exceptions,"This Value Set is used for the kind of material that forms the specimen. It also includes exceptional values","StructureDefinition/Specimen-lab-myhealtheu",
http://fhir.ehdsi.eu/laboratory/ValueSet/eHDSILabStudyTypeWithExceptions,0.0.1,draft,,EHDSILabStudyTypeWithExceptions,eHDSI Laboratory Study Types with exceptions,"eHDSI Laboratory Study Types.  Notes: Note 1: 26436-6 (Laboratory studies) enables issuing a report putting together observations from multiple specialties (disciplines) in the same text block, allowing delivery of a global interpretation comment at the end of the text block that will be rendered at the end of the report. Note 2: Mycology and parasitology, as well as bacteriology, are part of the 18725-2 (Microbiology studies (set)) studies. Note 3: Virology MAY be included in 18725-2 (MICROBIOLOGY STUDIES) or 18727-8 (SEROLOGY STUDIES) or split between both study types, depending upon the Content Creator Actor’s choice. It includes also exceptional values.","StructureDefinition/Composition-lab-myhealtheu",
http://fhir.ehdsi.eu/laboratory/ValueSet/eHDSILabTechniqueWithExceptions,0.0.1,draft,,EHDSILabTechniqueWithExceptions,eHDSI Laboratory Technique with exceptions,"This Value Set is used to encode laboratory technique for the result measurement. It also includes exceptional values.","StructureDefinition/Observation-resultslab-lab-myhealtheu",
http://fhir.ehdsi.eu/laboratory/ValueSet/eHDSILaboratoryReportType,0.0.1,active,"1.3.6.1.4.1.12559.11.10.1.3.1.42.52",EHDSILaboratoryReportType,Laboratory Report Type,"Laboratory Report Type","StructureDefinition/DocumentReference-minimal-myhealtheu","LOINC"
http://fhir.ehdsi.eu/laboratory/ValueSet/eHDSIMedicalDeviceWithExceptions,0.0.1,draft,,EHDSIMedicalDeviceWithExceptions,eHDSI Medical Device with exceptions,"eHDSI Medical Device. The Value Set contains exceptional values.","StructureDefinition/Device-specimen-lab-myhealtheu",
http://fhir.ehdsi.eu/laboratory/ValueSet/eHDSIMorphologicAbnormalityWithExceptions,0.0.1,draft,,EHDSIMorphologicAbnormalityWithExceptions,eHDSI Morphologic Abnormality with exceptions,"The Value Set is used to code the morphological abnormalities of the anatomical location where the material is taken. It also includes exceptional values.","StructureDefinition/BodyStructure-lab-myhealtheu",
http://fhir.ehdsi.eu/laboratory/ValueSet/eHDSIObservationInterpretationWithExceptions,0.0.1,draft,,EHDSIObservationInterpretationWithExceptions,eHDSI Observation Interpretation with exceptions,"This Value Set is used for a rough qualitative interpretation of the Laboratory Observation Results. It also includes exceptional values.","StructureDefinition/Observation-resultslab-lab-myhealtheu",
http://fhir.ehdsi.eu/laboratory/ValueSet/eHDSIOrderReason,0.0.1,draft,,EHDSIOrderReason,eHDSI Order Reason,"The Value Set is used to code clinical conditions relevant for the laboratory results interpretation. It is defined as the union of: (a) EHDSIIllnessandDisorder (b) EHDSIRareDisease (c) EHDSIReactionAllergy (d) EHDSIExceptionalValue","StructureDefinition/ServiceRequest-lab-myhealtheu",
http://fhir.ehdsi.eu/laboratory/ValueSet/eHDSIReferenceRangeAppliesToWithExceptions,0.0.1,draft,,EHDSIReferenceRangeAppliesToWithExceptions,eHDSI Reference Range Applies To with exceptions,"This value set defines a set of codes that can be used to indicate the particular target population the reference range applies to. It also includes exceptional values.","StructureDefinition/Observation-resultslab-lab-myhealtheu",
http://fhir.ehdsi.eu/laboratory/ValueSet/eHDSIReferenceRangeMeaningWithExceptions,0.0.1,draft,,EHDSIReferenceRangeMeaningWithExceptions,eHDSI Reference Range Meaning with exceptions,"This value set defines a set of codes for a reference range qualifier. It also includes exceptional values.","StructureDefinition/Observation-resultslab-lab-myhealtheu",
http://fhir.ehdsi.eu/laboratory/ValueSet/eHDSIResultsCodedValueLaboratory,0.0.1,draft,,EHDSIResultsCodedValueLaboratory,eHDSI Results Coded Value Laboratory with exceptions,"The Value Set is used to code the value of laboratory observation result. It is defined as the union of: (a) eHDSIBloodGroup (b) eHDSIPresenceAbsence (c) eHDSIMicroorganism (d) eHDSIExceptionalValue","StructureDefinition/Observation-resultslab-lab-myhealtheu",
http://fhir.ehdsi.eu/mvc/eHDSILabStudyTypes,0.0.1,draft,"1.3.6.1.4.1.12559.11.10.1.3.1.42.66",EHDSILabStudyTypes,eHDSI Laboratory Study Types,"eHDSI Laboratory Study Types.  Notes: Note 1: 26436-6 (Laboratory studies) enables issuing a report putting together observations from multiple specialties (disciplines) in the same text block, allowing delivery of a global interpretation comment at the end of the text block that will be rendered at the end of the report. Note 2: Mycology and parasitology, as well as bacteriology, are part of the 18725-2 (Microbiology studies (set)) studies. Note 3: Virology MAY be included in 18725-2 (MICROBIOLOGY STUDIES) or 18727-8 (SEROLOGY STUDIES) or split between both study types, depending upon the Content Creator Actor’s choice.",,"LOINC"
http://hl7.eu/fhir/laboratory/ValueSet/lab-obsCode-eu-lab,0.1.0,active,,LaboratoryResultStandardEuVs,Laboratory Code,"Laboratory observation codes. List of Laboratory observation codes derived from the LOINC and NPU code systems.","StructureDefinition/Observation-obl-lab-myhealtheu",
http://hl7.eu/fhir/laboratory/ValueSet/lab-orderCodes-eu-lab,0.1.0,active,,LabOrderCodesEuVs,Laboratory Order,"List of LOINC Laboratory codes of type 'Order' or 'Both. This value set is built upon the IPS value set 'Results Laboratory Observation - IPS'","StructureDefinition/ServiceRequest-obl-lab-myhealtheu","LOINC"
http://hl7.eu/fhir/laboratory/ValueSet/lab-specialty-eu-lab,0.1.0,active,,LabSpecialtyEuVs,Laboratory Specialty,"Laboratory Specialties. Notes: Note 1: This value set is based on analysis of national coding practices in 8 European countries (AT, CZ, DE, FR, IE, IT, PT, SE) and agreed by involved lab experts as a common lab specialty value set. Note 2: Many European countries are using additional laboratory specialty types, which should be mapped towards this value set. Note 3: In case of documented need, this value set could be extended.","StructureDefinition/Observation-obl-lab-myhealtheu,StructureDefinition/Observation-resultslab-lab-myhealtheu,StructureDefinition/DiagnosticReport-lab-myhealtheu,StructureDefinition/Composition-lab-myhealtheu","SCT"
http://hl7.eu/fhir/laboratory/ValueSet/lab-specimenContainer-eu-lab,0.1.0,active,,LabSpecimenContainerEu,Specimen Container,"List of the containers commonly used to collect specimens (e.g. urine, blood,..).","StructureDefinition/Specimen-lab-myhealtheu,StructureDefinition/Specimen-obl-lab-myhealtheu","SCT"
http://hl7.eu/fhir/laboratory/ValueSet/lab-specimenType-eu-lab,0.1.0,active,,LabSpecimenTypesEuVs,Specimen Types,"Laboratory Specimen Types","StructureDefinition/Specimen-obl-lab-myhealtheu","SCT"
http://hl7.eu/fhir/laboratory/ValueSet/lab-studyType-eu-lab,0.1.0,active,,LabStudyTypesEuVs,Laboratory Study Types,"Laboratory Study Types Notes: Note 1:26436-6 (Laboratory studies) enables issuing a report putting together observations from multiple specialties (disciplines) in the same text block, allowing delivery of a global interpretation comment at the end of the text block that will be rendered at the end of the report. Note 2:Mycology and parasitology, as well as bacteriology, are part of the 18725-2 (Microbiology studies (set)) studies. Note 3:Virology MAY be included in 18725-2 (MICROBIOLOGY STUDIES) or 18727-8 (SEROLOGY STUDIES) or split between both study types, depending upon the Content Creator Actor’s choice.","StructureDefinition/Observation-obl-lab-myhealtheu","LOINC"
http://hl7.eu/fhir/laboratory/ValueSet/lab-technique-eu-lab,0.1.0,active,,LabTechniqueEuVs,Laboratory Techniques,"Laboratory technique (method of measurement) used for the result measurement (based on SNOMED CT).","StructureDefinition/Observation-obl-lab-myhealtheu","SCT"
http://hl7.org/fhir/ValueSet/address-type,4.0.1,active,"2.16.840.1.113883.4.642.3.69",AddressType,AddressType,"The type of an address (physical / postal).","StructureDefinition/Subject,StructureDefinition/Patient-lab-myhealtheu","hl7.fhir.r4.core"
http://hl7.org/fhir/ValueSet/address-use,4.0.1,active,"2.16.840.1.113883.4.642.3.67",AddressUse,AddressUse,"The use of an address.","StructureDefinition/Subject,StructureDefinition/Patient-lab-myhealtheu","hl7.fhir.r4.core"
http://hl7.org/fhir/ValueSet/administrative-gender,4.0.1,active,"2.16.840.1.113883.4.642.3.1",AdministrativeGender,AdministrativeGender,"The gender of a person used for administrative purposes.","StructureDefinition/Patient-lab-myhealtheu,StructureDefinition/Patient-minimal-myhealtheu,StructureDefinition/Practitioner-eu-myhealth-eu,StructureDefinition/Patient-obl-lab-myhealtheu","hl7.fhir.r4.core"
http://hl7.org/fhir/ValueSet/body-site,4.0.1,draft,"2.16.840.1.113883.4.642.3.141",SNOMEDCTBodyStructures,SNOMED CT Body Structures,"This value set includes all codes from [SNOMED CT](http://snomed.info/sct) where concept is-a 442083009 (Anatomical or acquired body site (body structure)).","StructureDefinition/Observation-obl-lab-myhealtheu,StructureDefinition/ServiceRequest-lab-myhealtheu,StructureDefinition/Observation-resultslab-lab-myhealtheu,StructureDefinition/ServiceRequest-obl-lab-myhealtheu,StructureDefinition/Specimen-obl-lab-myhealtheu","SCT"
http://hl7.org/fhir/ValueSet/bundle-type,4.0.1,active,"2.16.840.1.113883.4.642.3.620",BundleType,BundleType,"Indicates the purpose of a bundle - how it is intended to be used.","StructureDefinition/Bundle-lab-myhealtheu","hl7.fhir.r4.core"
http://hl7.org/fhir/ValueSet/c80-facilitycodes,4.0.1,active,"2.16.840.1.113883.3.88.12.80.67",FacilityTypeCodeValueSet,Facility Type Code Value Set,"This is the code representing the type of organizational setting where the clinical encounter, service, interaction, or treatment occurred. The value set used for Healthcare Facility Type has been defined by HITSP to be the value set reproduced from HITSP C80 Table 2-147.","StructureDefinition/DocumentReference-minimal-myhealtheu","SCT"
http://hl7.org/fhir/ValueSet/c80-practice-codes,4.0.1,active,"2.16.840.1.113883.3.88.12.80.72",PracticeSettingCodeValueSet,Practice Setting Code Value Set,"This is the code representing the clinical specialty of the clinician or provider who interacted with, treated, or provided a service to/for the patient. The value set used for clinical specialty has been limited by HITSP to the value set reproduced from HITSP C80 Table 2-149 Clinical Specialty Value Set Definition.","StructureDefinition/PractitionerRole-eu-myhealth-eu,StructureDefinition/DocumentReference-minimal-myhealtheu","SCT"
http://hl7.org/fhir/ValueSet/clinical-findings,4.0.1,draft,"2.16.840.1.113883.4.642.3.232",SNOMEDCTClinicalFindings,SNOMED CT Clinical Findings,"This value set includes all the ""Clinical finding"" [SNOMED CT](http://snomed.info/sct) codes - concepts where concept is-a 404684003 (Clinical finding (finding)).","StructureDefinition/DiagnosticReport-lab-myhealtheu","SCT"
http://hl7.org/fhir/ValueSet/composition-attestation-mode,4.0.1,draft,"2.16.840.1.113883.4.642.3.238",CompositionAttestationMode,CompositionAttestationMode,"The way in which a person authenticated a composition.","StructureDefinition/Composition-lab-myhealtheu","hl7.fhir.r4.core"
http://hl7.org/fhir/ValueSet/composition-status,4.0.1,draft,"2.16.840.1.113883.4.642.3.241",CompositionStatus,CompositionStatus,"The workflow/clinical status of the composition.","StructureDefinition/Composition-lab-myhealtheu,StructureDefinition/DocumentReference-minimal-myhealtheu","hl7.fhir.r4.core"
http://hl7.org/fhir/ValueSet/contactentity-type,4.0.1,draft,"2.16.840.1.113883.4.642.3.416",ContactEntityType,Contact entity type,"This example value set defines a set of codes that can be used to indicate the purpose for which you would contact a contact party.","StructureDefinition/Organization-eu-myhealth-eu","THO"
http://hl7.org/fhir/ValueSet/coverage-class,4.0.1,draft,"2.16.840.1.113883.4.642.3.1009",CoverageClassCodes,Coverage Class Codes,"This value set includes Coverage Class codes.","StructureDefinition/Coverage-lab-myhealtheu","THO"
http://hl7.org/fhir/ValueSet/coverage-copay-type,4.0.1,draft,"2.16.840.1.113883.4.642.3.527",CoverageCopayTypeCodes,Coverage Copay Type Codes,"This value set includes sample Coverage Copayment Type codes.","StructureDefinition/Coverage-lab-myhealtheu","THO"
http://hl7.org/fhir/ValueSet/coverage-financial-exception,4.0.1,draft,"2.16.840.1.113883.4.642.3.1328",ExampleCoverageFinancialExceptionCodes,Example Coverage Financial Exception Codes,"This value set includes Example Coverage Financial Exception Codes.","StructureDefinition/Coverage-lab-myhealtheu","THO"
http://hl7.org/fhir/ValueSet/coverage-type,4.0.1,draft,"2.16.840.1.113883.4.642.3.520",CoverageTypeAndSelf-PayCodes,Coverage Type and Self-Pay Codes,"This value set includes Coverage Type codes.","StructureDefinition/Coverage-lab-myhealtheu","THO"
http://hl7.org/fhir/ValueSet/data-absent-reason,4.0.1,active,"2.16.840.1.113883.4.642.3.5",DataAbsentReason,DataAbsentReason,"Used to specify why the normally expected content of the data element is missing.","StructureDefinition/Observation-obl-lab-myhealtheu,StructureDefinition/Observation-resultslab-lab-myhealtheu","THO"
http://hl7.org/fhir/ValueSet/days-of-week,4.0.1,active,"2.16.840.1.113883.4.642.3.512",DaysOfWeek,DaysOfWeek,"The days of the week.","StructureDefinition/PractitionerRole-eu-myhealth-eu","hl7.fhir.r4.core"
http://hl7.org/fhir/ValueSet/device-nametype,4.0.1,draft,"2.16.840.1.113883.4.642.3.1083",DeviceNameType,DeviceNameType,"The type of name the device is referred by.","StructureDefinition/Device-measuring-lab-myhealtheu,StructureDefinition/Device-specimen-lab-myhealtheu","hl7.fhir.r4.core"
http://hl7.org/fhir/ValueSet/device-status,4.0.1,draft,"2.16.840.1.113883.4.642.3.209",FHIRDeviceStatus,FHIRDeviceStatus,"The availability status of the device.","StructureDefinition/Device-measuring-lab-myhealtheu,StructureDefinition/Device-specimen-lab-myhealtheu","hl7.fhir.r4.core"
http://hl7.org/fhir/ValueSet/device-status-reason,4.0.1,draft,"2.16.840.1.113883.4.642.3.1081",FHIRDeviceStatusReason,FHIRDeviceStatusReason,"The availability status reason of the device.","StructureDefinition/Device-measuring-lab-myhealtheu,StructureDefinition/Device-specimen-lab-myhealtheu","THO"
http://hl7.org/fhir/ValueSet/device-type,4.0.1,draft,"2.16.840.1.113883.4.642.3.1376",DeviceType,Device Type,"Codes used to identify medical devices. Includes concepts from SNOMED CT (http://www.snomed.org/) where concept is-a 49062001 (Device)  and is provided as a suggestive example.","StructureDefinition/Device-measuring-lab-myhealtheu","SCT"
http://hl7.org/fhir/ValueSet/diagnostic-report-status,4.0.1,draft,"2.16.840.1.113883.4.642.3.235",DiagnosticReportStatus,DiagnosticReportStatus,"The status of the diagnostic report.","StructureDefinition/DiagnosticReport-lab-myhealtheu","hl7.fhir.r4.core"
http://hl7.org/fhir/ValueSet/diagnostic-service-sections,4.0.1,draft,"2.16.840.1.113883.4.642.3.234",DiagnosticServiceSectionCodes,Diagnostic Service Section Codes,"This value set includes all the codes in HL7 V2 table 0074.","StructureDefinition/DiagnosticReport-lab-myhealtheu","THO (V2)"
http://hl7.org/fhir/ValueSet/doc-section-codes,4.0.1,draft,"2.16.840.1.113883.4.642.3.237",DocumentSectionCodes,Document Section Codes,"Document section codes (LOINC codes used in CCDA sections).","StructureDefinition/Composition-lab-myhealtheu","LOINC"
http://hl7.org/fhir/ValueSet/document-classcodes,4.0.1,active,"2.16.840.1.113883.3.88.12.80.46",DocumentClassValueSet,Document Class Value Set,"This is the code specifying the high-level kind of document (e.g. Prescription, Discharge Summary, Report, etc.). Note: Class code for documents comes from LOINC, and is based upon one of the following:The type of service described by the document. It is described at a very high level in Section 7.3 of the LOINC Manual. The type study performed. It was determined by identifying modalities for study reports. The section of the chart where the document is placed. It was determined from the SETs created for Claims Attachment requests.","StructureDefinition/Composition-lab-myhealtheu,StructureDefinition/DocumentReference-minimal-myhealtheu","LOINC"
http://hl7.org/fhir/ValueSet/document-reference-status,4.0.1,draft,"2.16.840.1.113883.4.642.3.7",DocumentReferenceStatus,DocumentReferenceStatus,"The status of the document reference.","StructureDefinition/DocumentReference-minimal-myhealtheu","hl7.fhir.r4.core"
http://hl7.org/fhir/ValueSet/document-relationship-type,4.0.1,draft,"2.16.840.1.113883.4.642.3.244",DocumentRelationshipType,DocumentRelationshipType,"The type of relationship between documents.","StructureDefinition/Composition-lab-myhealtheu,StructureDefinition/DocumentReference-minimal-myhealtheu","hl7.fhir.r4.core"
http://hl7.org/fhir/ValueSet/fm-status,4.0.1,draft,"2.16.840.1.113883.4.642.3.592",FinancialResourceStatusCodes,Financial Resource Status Codes,"This value set includes Status codes.","StructureDefinition/Coverage-lab-myhealtheu","hl7.fhir.r4.core"
http://hl7.org/fhir/ValueSet/formatcodes,4.0.1,active,"1.3.6.1.4.1.19376.1.2.7.1",DocumentReferenceFormatCodeSet,DocumentReference Format Code Set,"The value set is defined to be the set of format codes defined by the IHE Technical Framework, and also including additional format codes defined by the    HL7. The value set is listed in HITSP C80 Table 2-153 Format Code Value Set Definition,    with additions published later by IHE as published    at http://wiki.ihe.net/index.php?title=IHE_Format_Codes   and with additions published later by HL7 as published at https://confluence.hl7.org/display/SD/Format+Codes+for+IHE+XDS.   This is the code specifying the technical format of the document. Along with the typeCode,    it should provide sufficient information to allow any potential document consumer to know    if it will be able to process the document. The code shall be sufficiently specific to    ensure processing/display by identifying a document encoding, structure and template. The actual list of codes here is incomplete","StructureDefinition/DocumentReference-minimal-myhealtheu","Other"
http://hl7.org/fhir/ValueSet/http-verb,4.0.1,active,"2.16.840.1.113883.4.642.3.624",HTTPVerb,HTTPVerb,"HTTP verbs (in the HTTP command line). See [HTTP rfc](https://tools.ietf.org/html/rfc7231) for details.","StructureDefinition/Bundle-lab-myhealtheu","hl7.fhir.r4.core"
http://hl7.org/fhir/ValueSet/languages,4.0.1,draft,"2.16.840.1.113883.4.642.3.20",CommonLanguages,Common Languages,"This value set includes common codes from BCP-47 (http://tools.ietf.org/html/bcp47)","StructureDefinition/Observation-obl-lab-myhealtheu,StructureDefinition/ServiceRequest-lab-myhealtheu,StructureDefinition/Device-measuring-lab-myhealtheu,StructureDefinition/Patient-minimal-myhealtheu,StructureDefinition/PractitionerRole-eu-myhealth-eu,StructureDefinition/Device-specimen-lab-myhealtheu,StructureDefinition/Bundle-lab-myhealtheu,StructureDefinition/ServiceRequest-obl-lab-myhealtheu,StructureDefinition/DocumentReference-minimal-myhealtheu,StructureDefinition/BodyStructure-lab-myhealtheu,StructureDefinition/Patient-obl-lab-myhealtheu,StructureDefinition/Specimen-lab-myhealtheu,StructureDefinition/Observation-resultslab-lab-myhealtheu,StructureDefinition/Organization-eu-myhealth-eu,StructureDefinition/Patient-lab-myhealtheu,StructureDefinition/Practitioner-eu-myhealth-eu,StructureDefinition/Coverage-lab-myhealtheu,StructureDefinition/Specimen-obl-lab-myhealtheu","hl7.terminology"
http://hl7.org/fhir/ValueSet/link-type,4.0.1,active,"2.16.840.1.113883.4.642.3.423",LinkType,LinkType,"The type of link between this patient resource and another patient resource.","StructureDefinition/Patient-lab-myhealtheu,StructureDefinition/Patient-minimal-myhealtheu,StructureDefinition/Patient-obl-lab-myhealtheu","hl7.fhir.r4.core"
http://hl7.org/fhir/ValueSet/list-empty-reason,4.0.1,draft,"2.16.840.1.113883.4.642.3.322",ListEmptyReasons,List Empty Reasons,"General reasons for a list to be empty. Reasons are either related to a summary list (i.e. problem or medication list) or to a workflow related list (i.e. consultation list).","StructureDefinition/Composition-lab-myhealtheu","THO"
http://hl7.org/fhir/ValueSet/list-mode,4.0.1,draft,"2.16.840.1.113883.4.642.3.318",ListMode,ListMode,"The processing mode that applies to this list.","StructureDefinition/Composition-lab-myhealtheu","hl7.fhir.r4.core"
http://hl7.org/fhir/ValueSet/list-order,4.0.1,draft,"2.16.840.1.113883.4.642.3.324",ListOrderCodes,List Order Codes,"Base values for the order of the items in a list resource.","StructureDefinition/Composition-lab-myhealtheu","THO"
http://hl7.org/fhir/ValueSet/marital-status,4.0.1,active,"2.16.840.1.113883.4.642.3.29",Marital Status Codes,MaritalStatus,"This value set defines the set of codes that can be used to indicate the marital status of a person.","StructureDefinition/Patient-lab-myhealtheu,StructureDefinition/Patient-minimal-myhealtheu,StructureDefinition/Patient-obl-lab-myhealtheu","THO (V3)"
http://hl7.org/fhir/ValueSet/medication-as-needed-reason,4.0.1,draft,"2.16.840.1.113883.4.642.3.96",SNOMEDCTMedicationAsNeededReasonCodes,SNOMED CT Medication As Needed Reason Codes,"This value set includes all clinical findings from SNOMED CT - provided as an exemplar value set.","StructureDefinition/ServiceRequest-lab-myhealtheu,StructureDefinition/ServiceRequest-obl-lab-myhealtheu","SCT"
http://hl7.org/fhir/ValueSet/mimetypes,4.0.1,active,"2.16.840.1.113883.4.642.3.1024",Mime Types,MimeType,"This value set includes all possible codes from BCP-13 (http://tools.ietf.org/html/bcp13)","StructureDefinition/DocumentReference-minimal-myhealtheu","Other"
http://hl7.org/fhir/ValueSet/name-use,4.0.1,active,"2.16.840.1.113883.4.642.3.65",NameUse,NameUse,"The use of a human name.","StructureDefinition/Patient-lab-myhealtheu,StructureDefinition/Patient-minimal-myhealtheu,StructureDefinition/HumanName-obl-lab-myhealtheu,StructureDefinition/Practitioner-eu-myhealth-eu,StructureDefinition/Patient-obl-lab-myhealtheu","hl7.fhir.r4.core"
http://hl7.org/fhir/ValueSet/observation-category,4.0.1,draft,"2.16.840.1.113883.4.642.3.403",ObservationCategoryCodes,Observation Category Codes,"Observation Category codes.","StructureDefinition/Observation-obl-lab-myhealtheu,StructureDefinition/Observation-resultslab-lab-myhealtheu","THO"
http://hl7.org/fhir/ValueSet/observation-interpretation,4.0.1,active,"2.16.840.1.113883.4.642.3.399",ObservationInterpretationCodes,Observation Interpretation Codes,"A categorical assessment, providing a rough qualitative interpretation of the observation value,    such as “normal”/ “abnormal”,”low” / “high”, “better” / “worse”, “susceptible” / “resistant”, “expected”/ “not expected”.    The value set is intended to be for ANY use where coded representation of an interpretation is needed.             Notes:          This is being communicated in v2.x in OBX-8 (Observation Interpretation), in v3 in ObservationInterpretation (CWE) in R1 (Representative Realm) and in FHIR in    Observation.interpretation. Historically these values come from the laboratory domain, and these codes are extensively    used. The value set binding is extensible, so codes outside the value set that are needed for interpretation concepts    (i.e. particular meanings) that are not included in the value set can be used, and these new codes may also be added to    the value set and published in a future version.","StructureDefinition/Observation-obl-lab-myhealtheu","THO (V3)"
http://hl7.org/fhir/ValueSet/observation-status,4.0.1,active,"2.16.840.1.113883.4.642.3.400",ObservationStatus,ObservationStatus,"Codes providing the status of an observation.","StructureDefinition/Observation-obl-lab-myhealtheu,StructureDefinition/Observation-resultslab-lab-myhealtheu","hl7.fhir.r4.core"
http://hl7.org/fhir/ValueSet/organization-type,4.0.1,draft,"2.16.840.1.113883.4.642.3.414",OrganizationType,Organization type,"This example value set defines a set of codes that can be used to indicate a type of organization.","StructureDefinition/Organization-eu-myhealth-eu","THO"
http://hl7.org/fhir/ValueSet/participant-role,4.0.1,draft,"2.16.840.1.113883.4.642.3.152",ParticipantRoles,Participant Roles,"Roles of participants that may be included in a care team.  Defined as: Is a Person, Healthcare professional (occupation) or Healthcare related organization (qualifier value).","StructureDefinition/ServiceRequest-lab-myhealtheu,StructureDefinition/ServiceRequest-obl-lab-myhealtheu","SCT"
http://hl7.org/fhir/ValueSet/patient-contactrelationship,4.0.1,active,"2.16.840.1.113883.4.642.3.1130",PatientContactRelationship,Patient Contact Relationship ,"The nature of the relationship between the patient and the contact person.","StructureDefinition/Patient-lab-myhealtheu,StructureDefinition/Patient-minimal-myhealtheu,StructureDefinition/Patient-obl-lab-myhealtheu","THO (V2)"
http://hl7.org/fhir/ValueSet/procedure-reason,4.0.1,draft,"2.16.840.1.113883.4.642.3.432",ProcedureReasonCodes,Procedure Reason Codes,"This example value set defines the set of codes that can be used to indicate a reason for a procedure.","StructureDefinition/ServiceRequest-obl-lab-myhealtheu","SCT"
http://hl7.org/fhir/ValueSet/quantity-comparator,4.0.1,active,"2.16.840.1.113883.4.642.3.59",QuantityComparator,QuantityComparator,"How the Quantity should be understood and represented.","StructureDefinition/Quantity-lab-myhealtheu","hl7.fhir.r4.core"
http://hl7.org/fhir/ValueSet/referencerange-appliesto,4.0.1,draft,"2.16.840.1.113883.4.642.3.407",ObservationReferenceRangeAppliesToCodes,Observation Reference Range Applies To Codes,"This value set defines a set of codes that can be used to indicate the particular target population the reference range applies to.","StructureDefinition/Observation-obl-lab-myhealtheu","SCT"
http://hl7.org/fhir/ValueSet/referencerange-meaning,4.0.1,draft,"2.16.840.1.113883.4.642.3.397",ObservationReferenceRangeMeaningCodes,Observation Reference Range Meaning Codes,"This value set defines a set of codes that can be used to indicate the meaning/use of a reference range for a particular target population.","StructureDefinition/Observation-obl-lab-myhealtheu","THO"
http://hl7.org/fhir/ValueSet/request-intent,4.0.1,draft,"2.16.840.1.113883.4.642.3.113",RequestIntent,RequestIntent,"Codes indicating the degree of authority/intentionality associated with a request.","StructureDefinition/ServiceRequest-lab-myhealtheu,StructureDefinition/ServiceRequest-obl-lab-myhealtheu","hl7.fhir.r4.core"
http://hl7.org/fhir/ValueSet/request-priority,4.0.1,draft,"2.16.840.1.113883.4.642.3.115",RequestPriority,Request priority,"The clinical priority of a diagnostic order.","StructureDefinition/ServiceRequest-lab-myhealtheu,StructureDefinition/ServiceRequest-obl-lab-myhealtheu","hl7.fhir.r4.core"
http://hl7.org/fhir/ValueSet/request-status,4.0.1,draft,"2.16.840.1.113883.4.642.3.111",RequestStatus,RequestStatus,"Codes identifying the lifecycle stage of a request.","StructureDefinition/ServiceRequest-lab-myhealtheu,StructureDefinition/ServiceRequest-obl-lab-myhealtheu","hl7.fhir.r4.core"
http://hl7.org/fhir/ValueSet/resource-types,4.0.1,active,"2.16.840.1.113883.4.642.3.27",ResourceType,ResourceType,"One of the resource types defined as part of this version of FHIR.","StructureDefinition/Observation-obl-lab-myhealtheu,StructureDefinition/Observation-resultslab-lab-myhealtheu,StructureDefinition/Composition-lab-myhealtheu","hl7.fhir.r4.core"
http://hl7.org/fhir/ValueSet/search-entry-mode,4.0.1,active,"2.16.840.1.113883.4.642.3.622",SearchEntryMode,SearchEntryMode,"Why an entry is in the result set - whether it's included as a match or because of an _include requirement, or to convey information or warning information about the search process.","StructureDefinition/Bundle-lab-myhealtheu","hl7.fhir.r4.core"
http://hl7.org/fhir/ValueSet/security-labels,4.0.1,active,"2.16.840.1.113883.4.642.3.47",All Security Labels,SecurityLabels,"A single value set for all security labels defined by FHIR.","StructureDefinition/DocumentReference-minimal-myhealtheu",
http://hl7.org/fhir/ValueSet/servicerequest-category,4.0.1,draft,"2.16.840.1.113883.4.642.3.434",ServiceRequestCategoryCodes,Service Request Category Codes,"An example value set of SNOMED CT concepts that can classify a requested service","StructureDefinition/ServiceRequest-lab-myhealtheu,StructureDefinition/ServiceRequest-obl-lab-myhealtheu","SCT"
http://hl7.org/fhir/ValueSet/servicerequest-orderdetail,4.0.1,draft,"2.16.840.1.113883.4.642.3.435",ServiceRequestOrderDetailsCodes,Service Request Order Details Codes,"An example value set of Codified order entry details concepts.  These concepts only make sense in the context of what is being ordered.  This example is for a patient ventilation order","StructureDefinition/ServiceRequest-lab-myhealtheu,StructureDefinition/ServiceRequest-obl-lab-myhealtheu","SCT"
http://hl7.org/fhir/ValueSet/specimen-collection-method,4.0.1,draft,"2.16.840.1.113883.4.642.3.468",FHIRSpecimenCollectionMethod,FHIR Specimen Collection Method," This example value set defines a set of codes that can be used to indicate the method by which a specimen was collected.","StructureDefinition/Specimen-lab-myhealtheu,StructureDefinition/Specimen-obl-lab-myhealtheu","SCT"
http://hl7.org/fhir/ValueSet/specimen-processing-procedure,4.0.1,draft,"2.16.840.1.113883.4.642.3.469",SpecimenProcessingProcedure,Specimen processing procedure,"The technique that is used to perform the process or preserve the specimen.","StructureDefinition/Specimen-lab-myhealtheu,StructureDefinition/Specimen-obl-lab-myhealtheu","THO (V2)"
http://hl7.org/fhir/ValueSet/specimen-status,4.0.1,draft,"2.16.840.1.113883.4.642.3.471",SpecimenStatus,SpecimenStatus,"Codes providing the status/availability of a specimen.","StructureDefinition/Specimen-lab-myhealtheu,StructureDefinition/Specimen-obl-lab-myhealtheu","hl7.fhir.r4.core"
http://hl7.org/fhir/ValueSet/subscriber-relationship,4.0.1,draft,"2.16.840.1.113883.4.642.3.1385",SubscriberRelationshipCodes,SubscriberPolicyholder Relationship Codes,"This value set includes codes for the relationship between the Subscriber and the Beneficiary (insured/covered party/patient).","StructureDefinition/Coverage-lab-myhealtheu","THO"
http://hl7.org/fhir/ValueSet/udi-entry-type,4.0.1,draft,"2.16.840.1.113883.4.642.3.211",UDIEntryType,UDIEntryType,"Codes to identify how UDI data was entered.","StructureDefinition/Device-measuring-lab-myhealtheu,StructureDefinition/Device-specimen-lab-myhealtheu","hl7.fhir.r4.core"
http://hl7.org/fhir/uv/ips/ValueSet/results-blood-group-snomed-ct-ips-free-set,1.1.0,active,,ResultsBloodGroupSnomedCtIpsFreeSet,Results Blood Group - SNOMED CT IPS Free Set,"This value set includes the codes for blood group findings from the SNOMED International Patient Set (IPS) subset of SNOMED CT (IPS Free Set).","StructureDefinition/Observation-obl-lab-myhealtheu,StructureDefinition/Observation-resultslab-lab-myhealtheu","SCT"
http://hl7.org/fhir/uv/ips/ValueSet/results-coded-values-laboratory-uv-ips,1.1.0,active,,ResultsCodedValuesLaboratoryUvIps,Results Coded Values Laboratory - IPS,"This value set is defined as the union of: (a) Blood group [Type]; (b) Presence/Absence Indicators (2.16.840.1.113883.11.22.52) (c) Microorganisms (2.16.840.1.113883.11.22.49)","StructureDefinition/Observation-obl-lab-myhealtheu",
http://hl7.org/fhir/uv/ips/ValueSet/results-laboratory-observations-uv-ips,1.1.0,active,,ResultsLaboratoryObservationUvIps,Results Laboratory Observation - IPS,"Value Set Definition: LOINC {STATUS in {ACTIVE}, CLASSTYPE in {1}, CLASS exclude {CHALSKIN, H&P.HX.LAB, LABORDERS, NR STATS, PATH, PATH.\*, MOLPATH, MOLPATH.\*, CYTO, HL7.CYTOGEN, HL7.GENETICS}}","StructureDefinition/Observation-obl-lab-myhealtheu","LOINC"
http://hl7.org/fhir/uv/ips/ValueSet/results-microorganism-snomed-ct-ips-free-set,1.1.0,active,,ResultsMicroorganismSnomedCtIpsFreeSet,Results Microorganism - SNOMED CT IPS Free Set,"This value set includes the codes for microorganisms from the SNOMED International Patient Set (IPS) subset of SNOMED CT (IPS Free Set).","StructureDefinition/Observation-obl-lab-myhealtheu,StructureDefinition/Observation-resultslab-lab-myhealtheu","SCT"
http://hl7.org/fhir/uv/ips/ValueSet/results-presence-absence-snomed-ct-ips-free-set,1.1.0,active,,ResultsPresenceAbsenceSnomedCtIpsFreeSet,Results Presence Absence - SNOMED CT IPS Free Set,"This value set includes the codes for presence and absence findings (qualifier values) from the SNOMED International Patient Set (IPS) subset of SNOMED CT (IPS Free Set).","StructureDefinition/Observation-obl-lab-myhealtheu,StructureDefinition/Observation-resultslab-lab-myhealtheu","SCT"
http://terminology.ehdsi.eu/ValueSet/EHDSIHealthcareProfessionalRole,0.0.1,draft,"1.3.6.1.4.1.12559.11.10.1.3.1.42.1",EHDSIHealthcareProfessionalRole,eHDSI Healthcare Professional Role,"This Value Set is used to define Healthcare Professional Role","StructureDefinition/PractitionerRole-eu-myhealth-eu","Other"
http://terminology.ehdsi.eu/ValueSet/eHDSIAnimalSpecies,0.0.1,draft,"1.3.6.1.4.1.12559.11.10.1.3.1.42.72",EHDSIAnimalSpecies,eHDSI Animal Species,"The Value Set is used to code the animal species of specimen subject (animal of the patient)","ValueSet/eHDSIAnimalSpeciesWithExceptions","SCT"
http://terminology.ehdsi.eu/ValueSet/eHDSIBloodGroup,0.0.1,draft,"1.3.6.1.4.1.12559.11.10.1.3.1.42.20",EHDSIBloodGroup,eHDSI Blood Group,"The Value Set is used to code the value of patient's blood group + Rh","ValueSet/eHDSIResultsCodedValueLaboratory","SCT"
http://terminology.ehdsi.eu/ValueSet/eHDSIBodySite,0.0.1,draft,"1.3.6.1.4.1.12559.11.10.1.3.1.42.65",EHDSIBodySite,eHDSI Body Site,"The Value Set is used for the details about the anatomical location of a specimen in the Laboratory Result Report or the target body location of a procedure in the Patient Summary.","ValueSet/eHDSIBodySiteWithExceptions","SCT"
http://terminology.ehdsi.eu/ValueSet/eHDSIBodySiteLaterality,0.0.1,draft,"1.3.6.1.4.1.12559.11.10.1.3.1.42.68",EHDSIBodySiteLaterality,eHDSI Body Site Laterality,"This Value Set is used for the body structure site laterality qualifier. It indicates the body site laterality from which a laboratory specimen is collected.","StructureDefinition/BodyStructure-lab-myhealtheu","SCT"
http://terminology.ehdsi.eu/ValueSet/eHDSIBodyStructureLocation,0.0.1,draft,"1.3.6.1.4.1.12559.11.10.1.3.1.42.80",EHDSIBodyStructureLocation,eHDSI Body Structure Location Qualifier,"This Value Set is used for the body structure location qualifier. Concepts modifying the anatomic location.","ValueSet/eHDSIBodyStructureLocationWithExceptions","SCT"
http://terminology.ehdsi.eu/ValueSet/eHDSICountry,0.0.1,draft,,EHDSICountry,eHDSI Country,"The Value Set is used to identify the nationality of all persons and organizations.","StructureDefinition/Patient-lab-myhealtheu","hl7.terminology"
http://terminology.ehdsi.eu/ValueSet/eHDSIExceptionalValue,0.0.1,draft,"1.3.6.1.4.1.12559.11.10.1.3.1.42.81",EHDSIExceptionalValue,eHDSI Exceptional Value,"The Value Set is used to code exceptional values for the required binding in FHIR IGs","ValueSet/eHDSIReferenceRangeAppliesToWithExceptions,ValueSet/eHDSIMorphologicAbnormalityWithExceptions,ValueSet/eHDSIObservationInterpretationWithExceptions,ValueSet/eHDSIReferenceRangeMeaningWithExceptions,ValueSet/eHDSIBodyStructureLocationWithExceptions,ValueSet/eHDSILabCodeWithExceptions,ValueSet/eHDSILabSpecimenTypeWithExceptions,ValueSet/eHDSIResultsCodedValueLaboratory,ValueSet/eHDSILabTechniqueWithExceptions,ValueSet/eHDSIOrderReason,ValueSet/eHDSIMedicalDeviceWithExceptions,ValueSet/eHDSIAnimalSpeciesWithExceptions,ValueSet/eHDSIBodySiteWithExceptions,ValueSet/eHDSILabStudyTypeWithExceptions","THO (V3)"
http://terminology.ehdsi.eu/ValueSet/eHDSIIllnessandDisorder,0.0.1,draft,"1.3.6.1.4.1.12559.11.10.1.3.1.42.5",EHDSIIllnessandDisorder,eHDSI Illness and Disorder,"The complete content of ICD-10, excluding Chapter XX.","ValueSet/eHDSIOrderReason","hl7.terminology"
http://terminology.ehdsi.eu/ValueSet/eHDSILabCode,0.0.1,draft,"1.3.6.1.4.1.12559.11.10.1.3.1.42.70",EHDSILabCode,eHDSI Laboratory Codes,"This Value Set is used for the standard laboratory codes","ValueSet/eHDSILabCodeWithExceptions","LOINC"
http://terminology.ehdsi.eu/ValueSet/eHDSILabSpecimenType,0.0.1,draft,"1.3.6.1.4.1.12559.11.10.1.3.1.42.67",EHDSILabSpecimenType,eHDSI Laboratory Specimen Type,"This Value Set is used for the kind of material that forms the specimen","ValueSet/eHDSILabSpecimenTypeWithExceptions","SCT"
http://terminology.ehdsi.eu/ValueSet/eHDSILabStudyType,0.0.1,draft,"1.3.6.1.4.1.12559.11.10.1.3.1.42.66",EHDSILabStudyType,eHDSI Laboratory Study Types,"eHDSI Laboratory Study Types.  Notes: Note 1: 26436-6 (Laboratory studies) enables issuing a report putting together observations from multiple specialties (disciplines) in the same text block, allowing delivery of a global interpretation comment at the end of the text block that will be rendered at the end of the report. Note 2: Mycology and parasitology, as well as bacteriology, are part of the 18725-2 (Microbiology studies (set)) studies. Note 3: Virology MAY be included in 18725-2 (MICROBIOLOGY STUDIES) or 18727-8 (SEROLOGY STUDIES) or split between both study types, depending upon the Content Creator Actor’s choice.","StructureDefinition/Observation-resultslab-lab-myhealtheu,StructureDefinition/DiagnosticReport-lab-myhealtheu,ValueSet/eHDSILabStudyTypeWithExceptions,StructureDefinition/Composition-lab-myhealtheu,StructureDefinition/DocumentReference-minimal-myhealtheu","LOINC"
http://terminology.ehdsi.eu/ValueSet/eHDSILabTechnique,0.0.1,draft,"1.3.6.1.4.1.12559.11.10.1.3.1.42.79",EHDSILabTechnique,eHDSI Laboratory Technique,"This Value Set is used to encode laboratory technique for the result measurement","ValueSet/eHDSILabTechniqueWithExceptions","SCT"
http://terminology.ehdsi.eu/ValueSet/eHDSILaboratoryReportTypes,0.0.1,draft,"1.3.6.1.4.1.12559.11.10.1.3.1.42.52",EHDSILaboratoryReportTypes,eHDSI Laboratory Report Types,"eHDSI Laboratory Report Types","StructureDefinition/DiagnosticReport-lab-myhealtheu,StructureDefinition/Composition-lab-myhealtheu","LOINC"
http://terminology.ehdsi.eu/ValueSet/eHDSILanguage,0.0.1,draft,"1.3.6.1.4.1.12559.11.10.1.3.1.42.6",EHDSILanguage,eHDSI Language,"The Value Set is used to identify the language the document will be written with.","StructureDefinition/DiagnosticReport-lab-myhealtheu,StructureDefinition/Composition-lab-myhealtheu","hl7.terminology"
http://terminology.ehdsi.eu/ValueSet/eHDSIMedicalDevice,0.0.1,draft,"1.3.6.1.4.1.12559.11.10.1.3.1.42.8",EHDSIMedicalDevice,eHDSI Medical Device,"eHDSI Medical Device","ValueSet/eHDSIMedicalDeviceWithExceptions","SCT,Other"
http://terminology.ehdsi.eu/ValueSet/eHDSIMicroorganism,0.0.1,draft,"1.3.6.1.4.1.12559.11.10.1.3.1.42.78",EHDSIMicroorganism,eHDSI Microorganism,"eHDSI Morphologic Abnormality","ValueSet/eHDSIResultsCodedValueLaboratory","SCT"
http://terminology.ehdsi.eu/ValueSet/eHDSIMorphologicAbnormality,0.0.1,draft,"1.3.6.1.4.1.12559.11.10.1.3.1.42.69",EHDSIMorphologicAbnormality,eHDSI Morphologic Abnormality,"The Value Set is used to code the morphological abnormalities of the anatomical location where the material is taken.","ValueSet/eHDSIMorphologicAbnormalityWithExceptions","SCT"
http://terminology.ehdsi.eu/ValueSet/eHDSIObservationCategory,0.0.1,draft,"1.3.6.1.4.1.12559.11.10.1.3.1.42.71",EHDSIObservationCategory,eHDSI Observation category,"This Value Set is used for the Laboratory Observation Results Category code",,"THO"
http://terminology.ehdsi.eu/ValueSet/eHDSIObservationInterpretation,0.0.1,draft,"1.3.6.1.4.1.12559.11.10.1.3.1.42.73",EHDSIObservationInterpretation,eHDSI Observation Interpretation,"This Value Set is used for a rough qualitative interpretation of the Laboratory Observation Results","ValueSet/eHDSIObservationInterpretationWithExceptions","THO (V3)"
http://terminology.ehdsi.eu/ValueSet/eHDSIPerformerFunction,0.0.1,draft,"1.3.6.1.4.1.12559.11.10.1.3.1.42.76",EHDSIPerformerFunction,eHDSI Performer Function,"Laboratory Performer Function","StructureDefinition/Observation-resultslab-lab-myhealtheu","THO (V3)"
http://terminology.ehdsi.eu/ValueSet/eHDSIPresenceAbsence,0.0.1,draft,"1.3.6.1.4.1.12559.11.10.1.3.1.42.77",EHDSIPresenceAbsence,eHDSI Presence Absence,"The Value Set is used to describe presence and absence findings (qualifier values) of the Laboratory Test Results","ValueSet/eHDSIResultsCodedValueLaboratory","SCT"
http://terminology.ehdsi.eu/ValueSet/eHDSIRareDisease,0.0.1,draft,"1.3.6.1.4.1.12559.11.10.1.3.1.42.63",EHDSIRareDisease,eHDSI Rare Disease,"The Value Set is used to describe the problems and medication reasons.","ValueSet/eHDSIOrderReason","Other"
http://terminology.ehdsi.eu/ValueSet/eHDSIReactionAllergy,0.0.1,draft,"1.3.6.1.4.1.12559.11.10.1.3.1.42.11",EHDSIReactionAllergy,eHDSI Reaction Allergy,"Value Set is used to encode clinical manifestation of the allergic reaction.","ValueSet/eHDSIOrderReason","SCT"
http://terminology.ehdsi.eu/ValueSet/eHDSIReferenceRangeAppliesTo,0.0.1,draft,"1.3.6.1.4.1.12559.11.10.1.3.1.42.75",EHDSIReferenceRangeAppliesTo,eHDSI Reference Range Applies To,"This value set defines a set of codes that can be used to indicate the particular target population the reference range applies to","ValueSet/eHDSIReferenceRangeAppliesToWithExceptions","THO"
http://terminology.ehdsi.eu/ValueSet/eHDSIReferenceRangeMeaning,0.0.1,draft,"1.3.6.1.4.1.12559.11.10.1.3.1.42.74",EHDSIReferenceRangeMeaning,eHDSI Reference Range Meaning,"This value set defines a set of codes for a reference range qualifier","ValueSet/eHDSIReferenceRangeMeaningWithExceptions","THO"
http://terminology.ehdsi.eu/ValueSet/eHDSIUnit,0.0.1,draft,"1.3.6.1.4.1.12559.11.10.1.3.1.42.16",EHDSIUnit,eHDSI Unit,"eHDSI Unit","StructureDefinition/Quantity-lab-myhealtheu","UCUM"
http://terminology.hl7.org/ValueSet/v2-0371,2.0.0,active,"2.16.840.1.113883.21.245",Hl7VSAdditivePreservative,hl7VS-additivePreservative,"Concepts specifying any additive introduced to the specimen before or at the time of collection.  These additives may be introduced in order to preserve, maintain or enhance the particular nature or component of the specimen.  Used in Version 2 messaging in the SPM segment.","StructureDefinition/Specimen-lab-myhealtheu,StructureDefinition/Specimen-obl-lab-myhealtheu","THO (V2)"
http://terminology.hl7.org/ValueSet/v2-0493,2.0.0,active,"2.16.840.1.113883.21.333",Hl7VSSpecimenCondition,hl7VS-specimenCondition,"Concepts of modes or states of being that describe the nature of a specimen.  Used in Version 2 messaging in the SPM segment.","StructureDefinition/Specimen-lab-myhealtheu,StructureDefinition/Specimen-obl-lab-myhealtheu","THO (V2)"
http://terminology.hl7.org/ValueSet/v2-0916,2.0.0,active,"2.16.840.1.113883.21.440",Hl7VSRelevantClincialInformation,hl7VS-relevantClincialInformation,"Value Set of codes that specify additional clinical information about the patient or specimen to report the supporting and/or suspected diagnosis and clinical findings on requests for interpreted diagnostic studies.","StructureDefinition/Specimen-lab-myhealtheu,StructureDefinition/Specimen-obl-lab-myhealtheu","THO (V2)"
http://terminology.hl7.org/ValueSet/v2-2.7-0360,0360,active,,v2.0360.2.7,v2 table 0360, Version 2.7,"FHIR Value set/code system definition for HL7 v2 table 0360 ver 2.9 ( Degree/License/Certificate)","StructureDefinition/Practitioner-eu-myhealth-eu","THO (V2)"
http://terminology.hl7.org/ValueSet/v3-ActCode,3.0.0,active,,ActCode,v3 Code System ActCode,"A code specifying the particular kind of Act that the Act-instance represents within its class.  Constraints:  The kind of Act (e.g. physical examination, serum potassium, inpatient encounter, charge financial transaction, etc.) is specified with a code from one of several, typically external, coding systems.  The coding system will depend on the class of Act, such as LOINC for observations, etc. Conceptually, the Act.code must be a specialization of the Act.classCode. This is why the structure of ActClass domain should be reflected in the superstructure of the ActCode domain and then individual codes or externally referenced vocabularies subordinated under these domains that reflect the ActClass structure. Act.classCode and Act.code are not modifiers of each other but the Act.code concept should really imply the Act.classCode concept. For a negative example, it is not appropriate to use an Act.code ""potassium"" together with and Act.classCode for ""laboratory observation"" to somehow mean ""potassium laboratory observation"" and then use the same Act.code for ""potassium"" together with Act.classCode for ""medication"" to mean ""substitution of potassium"". This mutually modifying use of Act.code and Act.classCode is not permitted.","StructureDefinition/Composition-lab-myhealtheu,StructureDefinition/DocumentReference-minimal-myhealtheu","THO (V3)"
http://terminology.hl7.org/ValueSet/v3-ConfidentialityClassification,2014-03-26,active,"2.16.840.1.113883.1.11.10228",v3.ConfidentialityClassification,V3 Value SetConfidentialityClassification," Set of codes used to value Act.Confidentiality and Role.Confidentiality attribute in accordance with the definition for concept domain ""Confidentiality"".","StructureDefinition/Composition-lab-myhealtheu","THO (V3)"
http://terminology.hl7.org/ValueSet/v3-ServiceDeliveryLocationRoleType,3.0.0,active,"2.16.840.1.113883.1.11.17660",ServiceDeliveryLocationRoleType,ServiceDeliveryLocationRoleType,"A role of a place that further classifies the setting (e.g., accident site, road side, work site, community location) in which services are delivered.","StructureDefinition/ServiceRequest-lab-myhealtheu,StructureDefinition/ServiceRequest-obl-lab-myhealtheu","THO (V3)"
