<?xml version="1.0" encoding="UTF-8"?>

<Bundle xmlns="http://hl7.org/fhir">
  <id value="BundleLabResultReportPOC"/>
  <meta>
    <profile value="http://fhir.ehdsi.eu/laboratory/StructureDefinition/Bundle-lab-myhealtheu"/>
  </meta>
  <identifier>
    <system value="http://example.org"/>
    <value value="ba91c64b-f30c-4137-a484-34bbba5e8804"/>
  </identifier>
  <type value="document"/>
  <timestamp value="2023-03-06T14:30:00+01:00"/>
  <entry>
    <fullUrl value="urn:uuid:4028a0b8-37fc-4491-a8e7-0f28e6fc59b4"/>
    <resource>
      <Composition>
        <id value="4028a0b8-37fc-4491-a8e7-0f28e6fc59b4"/>
        <meta>
          <profile value="http://fhir.ehdsi.eu/laboratory/StructureDefinition/Composition-lab-myhealtheu"/>
        </meta>
        <text>
          <status value="generated"/><div xmlns="http://www.w3.org/1999/xhtml"><a name="Composition_4028a0b8-37fc-4491-a8e7-0f28e6fc59b4"> </a><p class="res-header-id"><b>Generated Narrative: Composition 4028a0b8-37fc-4491-a8e7-0f28e6fc59b4</b></p><a name="4028a0b8-37fc-4491-a8e7-0f28e6fc59b4"> </a><a name="hc4028a0b8-37fc-4491-a8e7-0f28e6fc59b4"> </a><a name="4028a0b8-37fc-4491-a8e7-0f28e6fc59b4-en-US"> </a><p><b>identifier</b>: <a href="http://terminology.hl7.org/5.5.0/NamingSystem-uri.html" title="As defined by RFC 3986 (http://www.ietf.org/rfc/rfc3986.txt)(with many schemes defined in many RFCs). For OIDs and UUIDs, use the URN form (urn:oid:(note: lowercase) and urn:uuid:). See http://www.ietf.org/rfc/rfc3001.txt and http://www.ietf.org/rfc/rfc4122.txt 

This oid is used as an identifier II.root to indicate the the extension is an absolute URI (technically, an IRI). Typically, this is used for OIDs and GUIDs. Note that when this OID is used with OIDs and GUIDs, the II.extension should start with urn:oid or urn:uuid: 

Note that this OID is created to aid with interconversion between CDA and FHIR - FHIR uses urn:ietf:rfc:3986 as equivalent to this OID. URIs as identifiers appear more commonly in FHIR.

This OID may also be used in CD.codeSystem.">Uniform Resource Identifier (URI)</a>/urn:uuid:3f69e0a5-2177-4540-baab-7a5d0877428f</p><p><b>status</b>: Final</p><p><b>type</b>: <span title="Codes:{http://loinc.org 11502-2}">Laboratory report</span></p><p><b>category</b>: <span title="Codes:{http://loinc.org 18717-9}">Blood bank studies (set)</span></p><p><b>date</b>: 2023-03-09 14:30:00+0100</p><p><b>author</b>: <a href="Bundle-BundleLabResultReportPOC.html#urn-uuid-8b3a8660-e8a2-4ab8-9766-b9f87fc1186b">Dr. Patrick Dempsey</a></p><p><b>title</b>: Laboratory Report - 10 March, 2023 14:30</p><p><b>confidentiality</b>: normal</p><h3>Attesters</h3><table class="grid"><tr><td style="display: none">-</td><td><b>Mode</b></td><td><b>Time</b></td><td><b>Party</b></td></tr><tr><td style="display: none">*</td><td>Legal</td><td>2020-12-27 14:30:00+0100</td><td><a href="Bundle-BundleLabResultReportPOC.html#urn-uuid-ce122b36-f942-4cee-8c6d-b13ece8cf23c">Bundle: identifier = http://example.org#ba91c64b-f30c-4137-a484-34bbba5e8804; type = document; timestamp = 2023-03-06 14:30:00+0100</a></td></tr></table><p><b>custodian</b>: <a href="Bundle-BundleLabResultReportPOC.html#urn-uuid-ce122b36-f942-4cee-8c6d-b13ece8cf23c">Bundle: identifier = http://example.org#ba91c64b-f30c-4137-a484-34bbba5e8804; type = document; timestamp = 2023-03-06 14:30:00+0100</a></p></div>
        </text>
        <identifier>
          <system value="urn:ietf:rfc:3986"/>
          <value value="urn:uuid:3f69e0a5-2177-4540-baab-7a5d0877428f"/>
        </identifier>
        <status value="final"/>
        <type>
          <coding>
            <system value="http://loinc.org"/>
            <code value="11502-2"/>
            <display value="Laboratory report"/>
          </coding>
        </type>
        <category>
          <coding>
            <system value="http://loinc.org"/>
            <code value="18717-9"/>
            <display value="Blood bank studies (set)"/>
          </coding>
        </category>
        <subject>
          <reference value="urn:uuid:a3d70b1b-cd31-4b38-9008-e9b29d2cb769"/>
        </subject>
        <date value="2023-03-09T14:30:00+01:00"/>
        <author>
          <reference value="urn:uuid:8b3a8660-e8a2-4ab8-9766-b9f87fc1186b"/>
          <display value="Dr. Patrick Dempsey"/>
        </author>
        <title value="Laboratory Report - 10 March, 2023 14:30"/>
        <confidentiality value="N"/>
        <attester>
          <mode value="legal"/>
          <time value="2020-12-27T14:30:00+01:00"/>
          <party>
            <reference value="urn:uuid:ce122b36-f942-4cee-8c6d-b13ece8cf23c"/>
          </party>
        </attester>
        <custodian>
          <reference value="urn:uuid:ce122b36-f942-4cee-8c6d-b13ece8cf23c"/>
        </custodian>
        <section>
          <title value="Blood group lab result report"/>
          <code>
            <coding>
              <system value="http://loinc.org"/>
              <code value="26436-6"/>
              <display value="Laboratory studies (set)"/>
            </coding>
            <text value="Laboratory studies"/>
          </code>
          <entry>
            <reference value="urn:uuid:8bd279af-125a-4318-b461-ba5629b12e7f"/>
          </entry>
        </section>
      </Composition>
    </resource>
  </entry>
  <entry>
    <fullUrl value="urn:uuid:f5d20fe5-6d14-46de-80ea-8124f427a754"/>
    <resource>
      <DiagnosticReport>
        <id value="Inline-Diagnostic-Report-lab-report"/>
        <meta>
          <profile value="http://fhir.ehdsi.eu/laboratory/StructureDefinition/DiagnosticReport-lab-myhealtheu"/>
        </meta>
        <text>
          <status value="generated"/><div xmlns="http://www.w3.org/1999/xhtml"><a name="DiagnosticReport_Inline-Diagnostic-Report-lab-report"> </a><p class="res-header-id"><b>Generated Narrative: DiagnosticReport Inline-Diagnostic-Report-lab-report</b></p><a name="Inline-Diagnostic-Report-lab-report"> </a><a name="hcInline-Diagnostic-Report-lab-report"> </a><a name="Inline-Diagnostic-Report-lab-report-en-US"> </a><h2><span title="Codes:{http://loinc.org 11502-2}">Laboratory report</span> (<span title="Codes:{http://loinc.org 18717-9}">Blood bank studies (set)</span>) </h2><table class="grid"><tr><td>Subject</td><td>Not done yet</td></tr><tr><td>When For</td><td>2023-04-19 15:46:00+0100</td></tr><tr><td>Performer</td><td> Dr. Patrick Dempsey</td></tr><tr><td>Identifier</td><td> <a href="http://terminology.hl7.org/5.5.0/NamingSystem-uri.html" title="As defined by RFC 3986 (http://www.ietf.org/rfc/rfc3986.txt)(with many schemes defined in many RFCs). For OIDs and UUIDs, use the URN form (urn:oid:(note: lowercase) and urn:uuid:). See http://www.ietf.org/rfc/rfc3001.txt and http://www.ietf.org/rfc/rfc4122.txt 

This oid is used as an identifier II.root to indicate the the extension is an absolute URI (technically, an IRI). Typically, this is used for OIDs and GUIDs. Note that when this OID is used with OIDs and GUIDs, the II.extension should start with urn:oid or urn:uuid: 

Note that this OID is created to aid with interconversion between CDA and FHIR - FHIR uses urn:ietf:rfc:3986 as equivalent to this OID. URIs as identifiers appear more commonly in FHIR.

This OID may also be used in CD.codeSystem.">Uniform Resource Identifier (URI)</a>/urn:uuid:3f69e0a5-2177-4540-baab-7a5d0877428f</td></tr></table><p><b>Report Details</b></p></div>
        </text>
        <extension url="http://hl7.org/fhir/5.0/StructureDefinition/extension-DiagnosticReport.composition">
          <valueReference>
            <reference value="urn:uuid:f5d20fe5-6d14-46de-80ea-8124f427a754"/>
          </valueReference>
        </extension>
        <identifier>
          <system value="urn:ietf:rfc:3986"/>
          <value value="urn:uuid:3f69e0a5-2177-4540-baab-7a5d0877428f"/>
        </identifier>
        <status value="final"/>
        <category>
          <coding>
            <system value="http://loinc.org"/>
            <code value="18717-9"/>
            <display value="Blood bank studies (set)"/>
          </coding>
        </category>
        <code>
          <coding>
            <system value="http://loinc.org"/>
            <code value="11502-2"/>
            <display value="Laboratory report"/>
          </coding>
        </code>
        <subject>
          <reference value="urn:uuid:a3d70b1b-cd31-4b38-9008-e9b29d2cb769"/>
        </subject>
        <effectiveDateTime value="2023-04-19T15:46:00+01:00"/>
        <performer>
          <display value="Dr. Patrick Dempsey"/>
        </performer>
      </DiagnosticReport>
    </resource>
  </entry>
  <entry>
    <fullUrl value="urn:uuid:a3d70b1b-cd31-4b38-9008-e9b29d2cb769"/>
    <resource>
      <Patient>
        <id value="a3d70b1b-cd31-4b38-9008-e9b29d2cb769"/>
        <meta>
          <profile value="http://fhir.ehdsi.eu/laboratory/StructureDefinition/Patient-lab-myhealtheu"/>
        </meta>
        <text>
          <status value="generated"/><div xmlns="http://www.w3.org/1999/xhtml"><a name="Patient_a3d70b1b-cd31-4b38-9008-e9b29d2cb769"> </a><p class="res-header-id"><b>Generated Narrative: Patient a3d70b1b-cd31-4b38-9008-e9b29d2cb769</b></p><a name="a3d70b1b-cd31-4b38-9008-e9b29d2cb769"> </a><a name="hca3d70b1b-cd31-4b38-9008-e9b29d2cb769"> </a><a name="a3d70b1b-cd31-4b38-9008-e9b29d2cb769-en-US"> </a><p style="border: 1px #661aff solid; background-color: #e6e6ff; padding: 10px;">John Doe  Male, DoB: 2000-03-21 ( National Insurance Payor Identifier (Payor))</p><hr/><table class="grid"><tr><td style="background-color: #f3f5da" title="Other Ids (see the one above)">Other Ids:</td><td colspan="3"><ul><li><code>urn:oid:1.2.203.24341.1.20.9.1</code>/A225961454</li><li>Passport number/5484136</li></ul></td></tr></table></div>
        </text>
        <identifier>
          <type>
            <coding>
              <system value="http://terminology.hl7.org/CodeSystem/v2-0203"/>
              <code value="NIIP"/>
            </coding>
          </type>
          <system value="urn:oid:1.2.203.24341.1.20.2"/>
          <value value="740512852"/>
        </identifier>
        <identifier>
          <system value="urn:oid:1.2.203.24341.1.20.9.1"/>
          <value value="A225961454"/>
        </identifier>
        <identifier>
          <type>
            <coding>
              <system value="http://terminology.hl7.org/CodeSystem/v2-0203"/>
              <code value="PPN"/>
            </coding>
          </type>
          <system value="urn:oid:2.16.840.1.113883.4.330.203"/>
          <value value="5484136"/>
        </identifier>
        <name>
          <family value="Doe"/>
          <given value="John"/>
        </name>
        <gender value="male"/>
        <birthDate value="2000-03-21"/>
      </Patient>
    </resource>
  </entry>
  <entry>
    <fullUrl value="urn:uuid:8bd279af-125a-4318-b461-ba5629b12e7f"/>
    <resource>
      <Observation>
        <id value="8bd279af-125a-4318-b461-ba5629b12e7f"/>
        <meta>
          <profile value="http://fhir.ehdsi.eu/laboratory/StructureDefinition/Observation-resultslab-lab-myhealtheu"/>
        </meta>
        <text>
          <status value="generated"/><div xmlns="http://www.w3.org/1999/xhtml"><a name="Observation_8bd279af-125a-4318-b461-ba5629b12e7f"> </a><p class="res-header-id"><b>Generated Narrative: Observation 8bd279af-125a-4318-b461-ba5629b12e7f</b></p><a name="8bd279af-125a-4318-b461-ba5629b12e7f"> </a><a name="hc8bd279af-125a-4318-b461-ba5629b12e7f"> </a><a name="8bd279af-125a-4318-b461-ba5629b12e7f-en-US"> </a><p><b>status</b>: Final</p><p><b>category</b>: <span title="Codes:{http://terminology.hl7.org/CodeSystem/observation-category laboratory}">Laboratory</span>, <span title="Codes:{http://loinc.org 18717-9}">Blood bank studies (set)</span></p><p><b>code</b>: <span title="Codes:{http://loinc.org 883-9}">Blood Group</span></p><p><b>subject</b>: <a href="Bundle-BundleLabResultReportPOC.html#urn-uuid-a3d70b1b-cd31-4b38-9008-e9b29d2cb769">Bundle: identifier = http://example.org#ba91c64b-f30c-4137-a484-34bbba5e8804; type = document; timestamp = 2023-03-06 14:30:00+0100</a></p><p><b>effective</b>: 2023-03-09 13:35:00+0100</p><p><b>performer</b>: Dr. Patrick Dempsey</p><p><b>value</b>: <span title="Codes:{http://snomed.info/sct 112144000}">A</span></p></div>
        </text>
        <status value="final"/>
        <category>
          <coding>
            <system value="http://terminology.hl7.org/CodeSystem/observation-category"/>
            <code value="laboratory"/>
          </coding>
        </category>
        <category>
          <coding>
            <system value="http://loinc.org"/>
            <code value="18717-9"/>
            <display value="Blood bank studies (set)"/>
          </coding>
        </category>
        <code>
          <coding>
            <system value="http://loinc.org"/>
            <code value="883-9"/>
            <display value="ABO group [Type] in Blood"/>
          </coding>
          <text value="Blood Group"/>
        </code>
        <subject>
          <reference value="urn:uuid:a3d70b1b-cd31-4b38-9008-e9b29d2cb769"/>
        </subject>
        <effectiveDateTime value="2023-03-09T13:35:00+01:00"/>
        <performer>
          <display value="Dr. Patrick Dempsey"/>
        </performer>
        <valueCodeableConcept>
          <coding>
            <system value="http://snomed.info/sct"/>
            <code value="112144000"/>
            <display value="Blood group A (finding)"/>
          </coding>
          <text value="A"/>
        </valueCodeableConcept>
      </Observation>
    </resource>
  </entry>
  <entry>
    <fullUrl value="urn:uuid:2e861278-2e99-4ffa-befa-049467a095b2"/>
    <resource>
      <ServiceRequest>
        <id value="Inline-ServiceRequest-lab-report"/>
        <meta>
          <profile value="http://fhir.ehdsi.eu/laboratory/StructureDefinition/ServiceRequest-lab-myhealtheu"/>
        </meta>
        <text>
          <status value="generated"/><div xmlns="http://www.w3.org/1999/xhtml"><a name="ServiceRequest_Inline-ServiceRequest-lab-report"> </a><p class="res-header-id"><b>Generated Narrative: ServiceRequest Inline-ServiceRequest-lab-report</b></p><a name="Inline-ServiceRequest-lab-report"> </a><a name="hcInline-ServiceRequest-lab-report"> </a><a name="Inline-ServiceRequest-lab-report-en-US"> </a><p><b>identifier</b>: <code>http://example.org</code>/2e861278-2e99-4ffa-befa-049467a095b2</p><p><b>status</b>: Active</p><p><b>intent</b>: Order</p><p><b>code</b>: <span title="Codes:{http://loinc.org 883-9}">ABO group [Type] in Blood</span></p><p><b>subject</b>: <a href="Bundle-BundleLabResultReportPOC.html#urn-uuid-a3d70b1b-cd31-4b38-9008-e9b29d2cb769">Bundle: identifier = http://example.org#ba91c64b-f30c-4137-a484-34bbba5e8804; type = document; timestamp = 2023-03-06 14:30:00+0100</a></p><p><b>specimen</b>: <a href="Bundle-BundleLabResultReportPOC.html#urn-uuid-3c9bd730-3ff9-40ee-9da1-4f3d5c526f13">Bundle: identifier = http://example.org#ba91c64b-f30c-4137-a484-34bbba5e8804; type = document; timestamp = 2023-03-06 14:30:00+0100</a></p></div>
        </text>
        <identifier>
          <system value="http://example.org"/>
          <value value="2e861278-2e99-4ffa-befa-049467a095b2"/>
        </identifier>
        <status value="active"/>
        <intent value="order"/>
        <code>
          <coding>
            <system value="http://loinc.org"/>
            <code value="883-9"/>
            <display value="ABO group [Type] in Blood"/>
          </coding>
        </code>
        <subject>
          <reference value="urn:uuid:a3d70b1b-cd31-4b38-9008-e9b29d2cb769"/>
        </subject>
        <specimen>
          <reference value="urn:uuid:3c9bd730-3ff9-40ee-9da1-4f3d5c526f13"/>
        </specimen>
      </ServiceRequest>
    </resource>
  </entry>
  <entry>
    <fullUrl value="urn:uuid:ce122b36-f942-4cee-8c6d-b13ece8cf23c"/>
    <resource>
      <Organization>
        <id value="ce122b36-f942-4cee-8c6d-b13ece8cf23c"/>
        <meta>
          <profile value="http://fhir.ehdsi.eu/laboratory/StructureDefinition/Organization-eu-myhealth-eu"/>
        </meta>
        <text>
          <status value="generated"/><div xmlns="http://www.w3.org/1999/xhtml"><a name="Organization_ce122b36-f942-4cee-8c6d-b13ece8cf23c"> </a><p class="res-header-id"><b>Generated Narrative: Organization ce122b36-f942-4cee-8c6d-b13ece8cf23c</b></p><a name="ce122b36-f942-4cee-8c6d-b13ece8cf23c"> </a><a name="hcce122b36-f942-4cee-8c6d-b13ece8cf23c"> </a><a name="ce122b36-f942-4cee-8c6d-b13ece8cf23c-en-US"> </a><p><b>identifier</b>: <code>urn:oid:2.16.840.1.113883.2.9.4.1.2</code>/120148</p><p><b>name</b>: Good Organization</p><p><b>telecom</b>: ph: 390 666 0581(Work)</p><p><b>address</b>: Via Emilio Praga 39 Roma 120 00137 100 </p></div>
        </text>
        <identifier>
          <system value="urn:oid:2.16.840.1.113883.2.9.4.1.2"/>
          <value value="120148"/>
          <assigner>
            <display value="Good Organization"/>
          </assigner>
        </identifier>
        <name value="Good Organization"/>
        <telecom>
          <system value="phone"/>
          <value value="390 666 0581"/>
          <use value="work"/>
        </telecom>
        <address>
          <line value="Via Emilio Praga 39">
            <extension url="http://hl7.org/fhir/StructureDefinition/iso21090-ADXP-censusTract">
              <valueString value="058091"/>
            </extension>
          </line>
          <city value="Roma"/>
          <district value="RM"/>
          <state value="120"/>
          <postalCode value="00137"/>
          <country value="100"/>
        </address>
      </Organization>
    </resource>
  </entry>
  <entry>
    <fullUrl value="urn:uuid:3c9bd730-3ff9-40ee-9da1-4f3d5c526f13"/>
    <resource>
      <Specimen>
        <id value="3c9bd730-3ff9-40ee-9da1-4f3d5c526f13"/>
        <meta>
          <profile value="http://fhir.ehdsi.eu/laboratory/StructureDefinition/Specimen-lab-myhealtheu"/>
        </meta>
        <text>
          <status value="generated"/><div xmlns="http://www.w3.org/1999/xhtml"><a name="Specimen_3c9bd730-3ff9-40ee-9da1-4f3d5c526f13"> </a><p class="res-header-id"><b>Generated Narrative: Specimen 3c9bd730-3ff9-40ee-9da1-4f3d5c526f13</b></p><a name="3c9bd730-3ff9-40ee-9da1-4f3d5c526f13"> </a><a name="hc3c9bd730-3ff9-40ee-9da1-4f3d5c526f13"> </a><a name="3c9bd730-3ff9-40ee-9da1-4f3d5c526f13-en-US"> </a><p><b>status</b>: Available</p><p><b>type</b>: <span title="Codes:{http://snomed.info/sct 119297000}">Blood specimen</span></p></div>
        </text>
        <status value="available"/>
        <type>
          <coding>
            <system value="http://snomed.info/sct"/>
            <code value="119297000"/>
            <display value="Blood specimen"/>
          </coding>
          <text value="Blood specimen"/>
        </type>
      </Specimen>
    </resource>
  </entry>
  <entry>
    <fullUrl value="urn:uuid:8b3a8660-e8a2-4ab8-9766-b9f87fc1186b"/>
    <resource>
      <PractitionerRole>
        <id value="8b3a8660-e8a2-4ab8-9766-b9f87fc1186b"/>
        <meta>
          <profile value="http://fhir.ehdsi.eu/laboratory/StructureDefinition/PractitionerRole-eu-myhealth-eu"/>
        </meta>
        <text>
          <status value="generated"/><div xmlns="http://www.w3.org/1999/xhtml"><a name="PractitionerRole_8b3a8660-e8a2-4ab8-9766-b9f87fc1186b"> </a><p class="res-header-id"><b>Generated Narrative: PractitionerRole 8b3a8660-e8a2-4ab8-9766-b9f87fc1186b</b></p><a name="8b3a8660-e8a2-4ab8-9766-b9f87fc1186b"> </a><a name="hc8b3a8660-e8a2-4ab8-9766-b9f87fc1186b"> </a><a name="8b3a8660-e8a2-4ab8-9766-b9f87fc1186b-en-US"> </a><p><b>practitioner</b>: <a href="#hc8b3a8660-e8a2-4ab8-9766-b9f87fc1186b/PractitionerInlineSample">Dr. Patrick Dempsey</a></p><p><b>organization</b>: <a href="Bundle-BundleLabResultReportPOC.html#urn-uuid-ce122b36-f942-4cee-8c6d-b13ece8cf23c">Good Organization</a></p><hr/><blockquote><p class="res-header-id"><b>Generated Narrative: Practitioner #PractitionerInlineSample</b></p><a name="8b3a8660-e8a2-4ab8-9766-b9f87fc1186b/PractitionerInlineSample"> </a><a name="hc8b3a8660-e8a2-4ab8-9766-b9f87fc1186b/PractitionerInlineSample"> </a><a name="8b3a8660-e8a2-4ab8-9766-b9f87fc1186b/PractitionerInlineSample-en-US"> </a><p><b>name</b>: Dr. Patrick Dempsey</p></blockquote></div>
        </text>
        <contained>
          <Practitioner>
            <id value="PractitionerInlineSample"/>
            <meta>
              <profile value="http://fhir.ehdsi.eu/laboratory/StructureDefinition/Practitioner-eu-myhealth-eu"/>
            </meta>
            <name>
              <text value="Dr. Patrick Dempsey"/>
              <family value="Dempsey"/>
              <given value="Patrick"/>
            </name>
          </Practitioner>
        </contained>
        <practitioner>
          <reference value="#PractitionerInlineSample"/>
          <display value="Dr. Patrick Dempsey"/>
        </practitioner>
        <organization>
          <reference value="urn:uuid:ce122b36-f942-4cee-8c6d-b13ece8cf23c"/>
          <display value="Good Organization"/>
        </organization>
      </PractitionerRole>
    </resource>
  </entry>
</Bundle>