<?xml version="1.0" encoding="UTF-8"?>

<ConceptMap xmlns="http://hl7.org/fhir">
  <id value="validator2FHIR-lab-myhealtheu"/>
  <text>
    <status value="generated"/><div xmlns="http://www.w3.org/1999/xhtml"><p class="res-header-id"><b>Generated Narrative: ConceptMap validator2FHIR-lab-myhealtheu</b></p><a name="validator2FHIR-lab-myhealtheu"> </a><a name="hcvalidator2FHIR-lab-myhealtheu"> </a><a name="validator2FHIR-lab-myhealtheu-en-US"> </a><p>Mapping from <a href="StructureDefinition-Validator.html">Result validator</a> to <a href="StructureDefinition-Composition-lab-myhealtheu.html">Composition: Laboratory</a></p><br/><p><b>Group 1 </b>Mapping from <a href="StructureDefinition-Validator.html">Result validator</a> to <a href="StructureDefinition-Composition-lab-myhealtheu.html">Composition: Laboratory</a></p><table class="grid"><tr><td><b>Source Code</b></td><td><b>Relationship</b></td><td><b>Target Code</b></td><td><b>Comment</b></td></tr><tr><td>Validator.identifier (Result validator identifier)</td><td><a href="http://hl7.org/fhir/extensions/5.2.0/CodeSystem-concept-map-equivalence.html#equivalent" title="equivalent">is equivalent to</a></td><td>Composition.attester.party.identifier</td><td>attester.where(mode='professional')</td></tr><tr><td>Validator.name (Result validator name)</td><td><a href="http://hl7.org/fhir/extensions/5.2.0/CodeSystem-concept-map-equivalence.html#equivalent" title="equivalent">is equivalent to</a></td><td>Composition.attester.party.name</td><td>attester.where(mode='professional').party.resolve().ofType(Practitioner).name</td></tr><tr><td>Validator.name (Result validator name)</td><td><a href="http://hl7.org/fhir/extensions/5.2.0/CodeSystem-concept-map-equivalence.html#equivalent" title="equivalent">is equivalent to</a></td><td>Composition.attester.party.practitioner.name</td><td>attester.where(mode='professional').party.resolve().ofType(PractitionerRole).Practitioner.resolve().name</td></tr><tr><td>Validator.organization (Result validator organization)</td><td><a href="http://hl7.org/fhir/extensions/5.2.0/CodeSystem-concept-map-equivalence.html#equivalent" title="equivalent">is equivalent to</a></td><td>Composition.attester.party.organization</td><td>attester.where(mode='professional').party.resolve().ofType(PractitionerRole).organization.resolve()</td></tr><tr><td>Validator.organization.name (Organization Name)</td><td><a href="http://hl7.org/fhir/extensions/5.2.0/CodeSystem-concept-map-equivalence.html#equivalent" title="equivalent">is equivalent to</a></td><td>Composition.attester.party.organization.name</td><td>attester.where(mode='professional').party.resolve().ofType(PractitionerRole).organization.resolve()</td></tr><tr><td>Validator.organization.address (Organization Address)</td><td><a href="http://hl7.org/fhir/extensions/5.2.0/CodeSystem-concept-map-equivalence.html#equivalent" title="equivalent">is equivalent to</a></td><td>Composition.attester.party.organization.address</td><td>attester.where(mode='professional').party.resolve().ofType(PractitionerRole).organization.resolve()</td></tr><tr><td>Validator.organization.telecom (Organization telecom)</td><td><a href="http://hl7.org/fhir/extensions/5.2.0/CodeSystem-concept-map-equivalence.html#equivalent" title="equivalent">is equivalent to</a></td><td>Composition.attester.party.organization.telecom</td><td>attester.where(mode='professional').party.resolve().ofType(PractitionerRole).organization.resolve()</td></tr><tr><td>Validator.dateTime (Validation date and time)</td><td><a href="http://hl7.org/fhir/extensions/5.2.0/CodeSystem-concept-map-equivalence.html#equivalent" title="equivalent">is equivalent to</a></td><td>Composition.attester.time</td><td>attester.where(mode='professional').time</td></tr></table></div>
  </text>
  <url value="http://fhir.ehdsi.eu/laboratory/ConceptMap/validator2FHIR-lab-myhealtheu"/>
  <version value="0.0.1"/>
  <name value="Validator2Fhir"/>
  <title value="MyHealth@EUValidator to this guide Map"/>
  <status value="draft"/>
  <experimental value="true"/>
  <date value="2025-03-03T08:58:37+01:00"/>
  <publisher value="SNS"/>
  <contact>
    <name value="SNS"/>
    <telecom>
      <system value="url"/>
      <value value="https://sns.gob.es"/>
    </telecom>
  </contact>
  <description value="MyHealth@EUValidator Model to this guide Map"/>
  <purpose value="It shows how the Validator Recipient data set defined by the EU MyHealth@EUguidelines is mapped into this guide"/>
  <sourceUri value="http://fhir.ehdsi.eu/laboratory/StructureDefinition/Validator"/>
  <targetUri value="http://fhir.ehdsi.eu/laboratory/StructureDefinition/Composition-lab-myhealtheu"/>
  <group>
    <source value="http://fhir.ehdsi.eu/laboratory/StructureDefinition/Validator"/>
    <target value="http://fhir.ehdsi.eu/laboratory/StructureDefinition/Composition-lab-myhealtheu"/>
    <element>
      <code value="Validator.identifier"/>
      <display value="Result validator identifier"/>
      <target>
        <code value="Composition.attester.party.identifier"/>
        <equivalence value="equivalent"/>
        <comment value="attester.where(mode='professional')"/>
      </target>
    </element>
    <element>
      <code value="Validator.name"/>
      <display value="Result validator name"/>
      <target>
        <code value="Composition.attester.party.name"/>
        <equivalence value="equivalent"/>
        <comment value="attester.where(mode='professional').party.resolve().ofType(Practitioner).name"/>
      </target>
    </element>
    <element>
      <code value="Validator.name"/>
      <display value="Result validator name"/>
      <target>
        <code value="Composition.attester.party.practitioner.name"/>
        <equivalence value="equivalent"/>
        <comment value="attester.where(mode='professional').party.resolve().ofType(PractitionerRole).Practitioner.resolve().name"/>
      </target>
    </element>
    <element>
      <code value="Validator.organization"/>
      <display value="Result validator organization"/>
      <target>
        <code value="Composition.attester.party.organization"/>
        <equivalence value="equivalent"/>
        <comment value="attester.where(mode='professional').party.resolve().ofType(PractitionerRole).organization.resolve()"/>
      </target>
    </element>
    <element>
      <code value="Validator.organization.name"/>
      <display value="Organization Name"/>
      <target>
        <code value="Composition.attester.party.organization.name"/>
        <equivalence value="equivalent"/>
        <comment value="attester.where(mode='professional').party.resolve().ofType(PractitionerRole).organization.resolve()"/>
      </target>
    </element>
    <element>
      <code value="Validator.organization.address"/>
      <display value="Organization Address"/>
      <target>
        <code value="Composition.attester.party.organization.address"/>
        <equivalence value="equivalent"/>
        <comment value="attester.where(mode='professional').party.resolve().ofType(PractitionerRole).organization.resolve()"/>
      </target>
    </element>
    <element>
      <code value="Validator.organization.telecom"/>
      <display value="Organization telecom"/>
      <target>
        <code value="Composition.attester.party.organization.telecom"/>
        <equivalence value="equivalent"/>
        <comment value="attester.where(mode='professional').party.resolve().ofType(PractitionerRole).organization.resolve()"/>
      </target>
    </element>
    <element>
      <code value="Validator.dateTime"/>
      <display value="Validation date and time"/>
      <target>
        <code value="Composition.attester.time"/>
        <equivalence value="equivalent"/>
        <comment value="attester.where(mode='professional').time"/>
      </target>
    </element>
  </group>
</ConceptMap>