<?xml version="1.0" encoding="UTF-8"?>

<ConceptMap xmlns="http://hl7.org/fhir">
  <id value="legalAuth2FHIR-lab-myhealtheu"/>
  <text>
    <status value="generated"/><div xmlns="http://www.w3.org/1999/xhtml"><p class="res-header-id"><b>Generated Narrative: ConceptMap legalAuth2FHIR-lab-myhealtheu</b></p><a name="legalAuth2FHIR-lab-myhealtheu"> </a><a name="hclegalAuth2FHIR-lab-myhealtheu"> </a><a name="legalAuth2FHIR-lab-myhealtheu-en-US"> </a><p>Mapping from <a href="StructureDefinition-LegalAuthenticator.html">Legal authenticator</a> to <a href="StructureDefinition-Composition-lab-myhealtheu.html">Composition: Laboratory</a></p><br/><p><b>Group 1 </b>Mapping from <a href="StructureDefinition-LegalAuthenticator.html">Legal authenticator</a> to <a href="StructureDefinition-Composition-lab-myhealtheu.html">Composition: Laboratory</a></p><table class="grid"><tr><td><b>Source Code</b></td><td><b>Relationship</b></td><td><b>Target Code</b></td><td><b>Comment</b></td></tr><tr><td>LegalAuthenticator.identifier (Legal authenticator identifier)</td><td><a href="http://hl7.org/fhir/extensions/5.2.0/CodeSystem-concept-map-equivalence.html#equivalent" title="equivalent">is equivalent to</a></td><td>Composition.attester.party.identifier</td><td>attester.where(mode='legal')</td></tr><tr><td>LegalAuthenticator.name (Legal authenticator name)</td><td><a href="http://hl7.org/fhir/extensions/5.2.0/CodeSystem-concept-map-equivalence.html#equivalent" title="equivalent">is equivalent to</a></td><td>Composition.attester.party.name</td><td>attester.where(mode='legal').party.resolve().ofType(Practitioner).name</td></tr><tr><td>LegalAuthenticator.name (Legal authenticator name)</td><td><a href="http://hl7.org/fhir/extensions/5.2.0/CodeSystem-concept-map-equivalence.html#equivalent" title="equivalent">is equivalent to</a></td><td>Composition.attester.party.practitioner.name</td><td>attester.where(mode='legal').party.resolve().ofType(PractitionerRole).practitioner.resolve().name</td></tr><tr><td>LegalAuthenticator.organization (Legal authenticator organization)</td><td><a href="http://hl7.org/fhir/extensions/5.2.0/CodeSystem-concept-map-equivalence.html#equivalent" title="equivalent">is equivalent to</a></td><td>Composition.attester.party.organization</td><td>attester.where(mode='legal').party.resolve().ofType(PractitionerRole).organization.resolve()</td></tr><tr><td>LegalAuthenticator.organization.name (Organization Name)</td><td><a href="http://hl7.org/fhir/extensions/5.2.0/CodeSystem-concept-map-equivalence.html#equivalent" title="equivalent">is equivalent to</a></td><td>Composition.attester.party.organization.name</td><td>attester.where(mode='legal').party.resolve().ofType(PractitionerRole).organization.resolve()</td></tr><tr><td>LegalAuthenticator.organization.address (Organization Address)</td><td><a href="http://hl7.org/fhir/extensions/5.2.0/CodeSystem-concept-map-equivalence.html#equivalent" title="equivalent">is equivalent to</a></td><td>Composition.attester.party.organization.address</td><td>attester.where(mode='legal').party.resolve().ofType(PractitionerRole).organization.resolve()</td></tr><tr><td>LegalAuthenticator.organization.telecom (Organization telecom)</td><td><a href="http://hl7.org/fhir/extensions/5.2.0/CodeSystem-concept-map-equivalence.html#equivalent" title="equivalent">is equivalent to</a></td><td>Composition.attester.party.organization.telecom</td><td>attester.where(mode='legal').party.resolve().ofType(PractitionerRole).organization.resolve()</td></tr><tr><td>LegalAuthenticator.dateTime (Authentication date and time)</td><td><a href="http://hl7.org/fhir/extensions/5.2.0/CodeSystem-concept-map-equivalence.html#equivalent" title="equivalent">is equivalent to</a></td><td>Composition.attester.time</td><td>attester.where(mode='legal').time</td></tr></table></div>
  </text>
  <url value="http://fhir.ehdsi.eu/laboratory/ConceptMap/legalAuth2FHIR-lab-myhealtheu"/>
  <version value="0.0.1"/>
  <name value="LegalAuth2Fhir"/>
  <title value="MyHealth@EURecipient to this guide Map"/>
  <status value="draft"/>
  <experimental value="true"/>
  <date value="2025-03-03T08:58:37+01:00"/>
  <publisher value="SNS"/>
  <contact>
    <name value="SNS"/>
    <telecom>
      <system value="url"/>
      <value value="https://sns.gob.es"/>
    </telecom>
  </contact>
  <description value="MyHealth@EULegal Authenticator Model to this guide Map"/>
  <purpose value="It shows how theLegal Authenticator Recipient data set defined by the EU MyHealth@EUguidelines is mapped into this guide"/>
  <sourceUri value="http://fhir.ehdsi.eu/laboratory/StructureDefinition/LegalAuthenticator"/>
  <targetUri value="http://fhir.ehdsi.eu/laboratory/StructureDefinition/Composition-lab-myhealtheu"/>
  <group>
    <source value="http://fhir.ehdsi.eu/laboratory/StructureDefinition/LegalAuthenticator"/>
    <target value="http://fhir.ehdsi.eu/laboratory/StructureDefinition/Composition-lab-myhealtheu"/>
    <element>
      <code value="LegalAuthenticator.identifier"/>
      <display value="Legal authenticator identifier"/>
      <target>
        <code value="Composition.attester.party.identifier"/>
        <equivalence value="equivalent"/>
        <comment value="attester.where(mode='legal')"/>
      </target>
    </element>
    <element>
      <code value="LegalAuthenticator.name"/>
      <display value="Legal authenticator name"/>
      <target>
        <code value="Composition.attester.party.name"/>
        <equivalence value="equivalent"/>
        <comment value="attester.where(mode='legal').party.resolve().ofType(Practitioner).name"/>
      </target>
    </element>
    <element>
      <code value="LegalAuthenticator.name"/>
      <display value="Legal authenticator name"/>
      <target>
        <code value="Composition.attester.party.practitioner.name"/>
        <equivalence value="equivalent"/>
        <comment value="attester.where(mode='legal').party.resolve().ofType(PractitionerRole).practitioner.resolve().name"/>
      </target>
    </element>
    <element>
      <code value="LegalAuthenticator.organization"/>
      <display value="Legal authenticator organization"/>
      <target>
        <code value="Composition.attester.party.organization"/>
        <equivalence value="equivalent"/>
        <comment value="attester.where(mode='legal').party.resolve().ofType(PractitionerRole).organization.resolve()"/>
      </target>
    </element>
    <element>
      <code value="LegalAuthenticator.organization.name"/>
      <display value="Organization Name"/>
      <target>
        <code value="Composition.attester.party.organization.name"/>
        <equivalence value="equivalent"/>
        <comment value="attester.where(mode='legal').party.resolve().ofType(PractitionerRole).organization.resolve()"/>
      </target>
    </element>
    <element>
      <code value="LegalAuthenticator.organization.address"/>
      <display value="Organization Address"/>
      <target>
        <code value="Composition.attester.party.organization.address"/>
        <equivalence value="equivalent"/>
        <comment value="attester.where(mode='legal').party.resolve().ofType(PractitionerRole).organization.resolve()"/>
      </target>
    </element>
    <element>
      <code value="LegalAuthenticator.organization.telecom"/>
      <display value="Organization telecom"/>
      <target>
        <code value="Composition.attester.party.organization.telecom"/>
        <equivalence value="equivalent"/>
        <comment value="attester.where(mode='legal').party.resolve().ofType(PractitionerRole).organization.resolve()"/>
      </target>
    </element>
    <element>
      <code value="LegalAuthenticator.dateTime"/>
      <display value="Authentication date and time"/>
      <target>
        <code value="Composition.attester.time"/>
        <equivalence value="equivalent"/>
        <comment value="attester.where(mode='legal').time"/>
      </target>
    </element>
  </group>
</ConceptMap>