<?xml version="1.0" encoding="UTF-8"?>

<Specimen xmlns="http://hl7.org/fhir">
  <id value="SampleSpecimen"/>
  <meta>
    <profile value="http://fhir.ehdsi.eu/laboratory/StructureDefinition/Specimen-lab-myhealtheu"/>
  </meta>
  <text>
    <status value="generated"/><div xmlns="http://www.w3.org/1999/xhtml"><p class="res-header-id"><b>Generated Narrative: Specimen SampleSpecimen</b></p><a name="SampleSpecimen"> </a><a name="hcSampleSpecimen"> </a><a name="SampleSpecimen-en-US"> </a><p><b>status</b>: Available</p><p><b>type</b>: <span title="Codes:{http://snomed.info/sct 119297000}">Blood</span></p><h3>Collections</h3><table class="grid"><tr><td style="display: none">-</td><td><b>Extension</b></td></tr><tr><td style="display: none">*</td><td/></tr></table><hr/><blockquote><p class="res-header-id"><b>Generated Narrative: BodyStructure #BodyStructureSample</b></p><a name="SampleSpecimen/BodyStructureSample"> </a><a name="hcSampleSpecimen/BodyStructureSample"> </a><a name="SampleSpecimen/BodyStructureSample-en-US"> </a><p><b>morphology</b>: <span title="Codes:{http://snomed.info/sct 789563006}">Arterial ulcer</span></p><p><b>location</b>: <span title="Codes:{http://snomed.info/sct 818983003}">Abdomen</span></p><p><b>patient</b>: <a href="Patient-SamplePatient.html">John Albertus Doe  Male, DoB: 1989-12-12 ( https://www.ehealth.fgov.be/standards/fhir/core/NamingSystem/ssin#89121210976 (use: official, ))</a></p></blockquote></div>
  </text>
  <contained>
    <BodyStructure>
      <id value="BodyStructureSample"/>
      <meta>
        <profile value="http://fhir.ehdsi.eu/laboratory/StructureDefinition/BodyStructure-lab-myhealtheu"/>
      </meta>
      <morphology>
        <coding>
          <system value="http://snomed.info/sct"/>
          <code value="789563006"/>
          <display value="Arterial ulcer"/>
        </coding>
      </morphology>
      <location>
        <coding>
          <system value="http://snomed.info/sct"/>
          <code value="818983003"/>
          <display value="Abdomen"/>
        </coding>
      </location>
      <patient>
        <reference value="Patient/SamplePatient"/>
      </patient>
    </BodyStructure>
  </contained>
  <status value="available"/>
  <type>
    <coding>
      <system value="http://snomed.info/sct"/>
      <code value="119297000"/>
      <display value="Blood specimen"/>
    </coding>
    <text value="Blood"/>
  </type>
  <collection>
    <extension url="http://hl7.org/fhir/StructureDefinition/bodySite">
      <valueReference>
        <reference value="#BodyStructureSample"/>
      </valueReference>
    </extension>
  </collection>
</Specimen>