<?xml version="1.0" encoding="UTF-8"?>

<Specimen xmlns="http://hl7.org/fhir">
  <id value="Specimen-device-example"/>
  <meta>
    <profile value="http://fhir.ehdsi.eu/laboratory/StructureDefinition/Specimen-lab-myhealtheu"/>
  </meta>
  <text>
    <status value="generated"/><div xmlns="http://www.w3.org/1999/xhtml"><p class="res-header-id"><b>Generated Narrative: Specimen Specimen-device-example</b></p><a name="Specimen-device-example"> </a><a name="hcSpecimen-device-example"> </a><a name="Specimen-device-example-en-US"> </a><p><b>status</b>: Available</p><p><b>type</b>: <span title="Codes:{http://snomed.info/sct 119297000}">Blood specimen</span></p><p><b>subject</b>: <a href="#hcSpecimen-device-example/DeviceSpecimenSubject">Device: type = un-encoded</a></p><h3>Collections</h3><table class="grid"><tr><td style="display: none">-</td><td><b>Collected[x]</b></td></tr><tr><td style="display: none">*</td><td>2022-10-25 13:35:00+0100</td></tr></table><hr/><blockquote><p class="res-header-id"><b>Generated Narrative: Device #DeviceSpecimenSubject</b></p><a name="Specimen-device-example/DeviceSpecimenSubject"> </a><a name="hcSpecimen-device-example/DeviceSpecimenSubject"> </a><a name="Specimen-device-example/DeviceSpecimenSubject-en-US"> </a><p><b>type</b>: <span title="Codes:{http://terminology.hl7.org/CodeSystem/v3-NullFlavor UNC}">blood bag</span></p></blockquote></div>
  </text>
  <contained>
    <Device>
      <id value="DeviceSpecimenSubject"/>
      <meta>
        <profile value="http://fhir.ehdsi.eu/laboratory/StructureDefinition/Device-specimen-lab-myhealtheu"/>
      </meta>
      <type>
        <coding>
          <system value="http://terminology.hl7.org/CodeSystem/v3-NullFlavor"/>
          <code value="UNC"/>
        </coding>
        <text value="blood bag"/>
      </type>
    </Device>
  </contained>
  <status value="available"/>
  <type>
    <coding>
      <system value="http://snomed.info/sct"/>
      <code value="119297000"/>
      <display value="Blood specimen"/>
    </coding>
  </type>
  <subject>
    <reference value="#DeviceSpecimenSubject"/>
  </subject>
  <collection>
    <collectedDateTime value="2022-10-25T13:35:00+01:00"/>
  </collection>
</Specimen>