<?xml version="1.0" encoding="UTF-8"?>

<ValueSet xmlns="http://hl7.org/fhir">
  <id value="eHDSIObservationInterpretationWithExceptions"/>
  <text>
    <status value="generated"/><div xmlns="http://www.w3.org/1999/xhtml"><p class="res-header-id"><b>Generated Narrative: ValueSet eHDSIObservationInterpretationWithExceptions</b></p><a name="eHDSIObservationInterpretationWithExceptions"> </a><a name="hceHDSIObservationInterpretationWithExceptions"> </a><a name="eHDSIObservationInterpretationWithExceptions-en-US"> </a><p>This value set includes codes based on the following rules:</p><ul><li>Import all the codes that are contained in <a href="ValueSet-eHDSIExceptionalValue.html">eHDSI Exceptional Value</a></li><li>Import all the codes that are contained in <a href="ValueSet-eHDSIObservationInterpretation.html">eHDSI Observation Interpretation</a></li></ul></div>
  </text>
  <extension url="http://hl7.org/fhir/StructureDefinition/structuredefinition-fmm">
    <valueInteger value="1"/>
  </extension>
  <extension url="http://hl7.org/fhir/StructureDefinition/structuredefinition-standards-status">
    <valueCode value="draft"/>
  </extension>
  <url value="http://fhir.ehdsi.eu/laboratory/ValueSet/eHDSIObservationInterpretationWithExceptions"/>
  <version value="0.0.1"/>
  <name value="EHDSIObservationInterpretationWithExceptions"/>
  <title value="eHDSI Observation Interpretation with exceptions"/>
  <status value="draft"/>
  <experimental value="false"/>
  <date value="2025-03-03T08:58:37+01:00"/>
  <publisher value="SNS"/>
  <contact>
    <name value="SNS"/>
    <telecom>
      <system value="url"/>
      <value value="https://sns.gob.es"/>
    </telecom>
  </contact>
  <description value="This Value Set is used for a rough qualitative interpretation of the Laboratory Observation Results.&#xA;It also includes exceptional values."/>
  <compose>
    <include>
      <valueSet value="http://terminology.ehdsi.eu/ValueSet/eHDSIExceptionalValue"/>
    </include>
    <include>
      <valueSet value="http://terminology.ehdsi.eu/ValueSet/eHDSIObservationInterpretation"/>
    </include>
  </compose>
</ValueSet>