<?xml version="1.0" encoding="UTF-8"?>

<ValueSet xmlns="http://hl7.org/fhir">
  <id value="eHDSIReferenceRangeAppliesTo"/>
  <text>
    <status value="extensions"/><div xmlns="http://www.w3.org/1999/xhtml"><p class="res-header-id"><b>Generated Narrative: ValueSet eHDSIReferenceRangeAppliesTo</b></p><a name="eHDSIReferenceRangeAppliesTo"> </a><a name="hceHDSIReferenceRangeAppliesTo"> </a><a name="eHDSIReferenceRangeAppliesTo-en-US"> </a><ul><li>Include these codes as defined in <a href="http://terminology.hl7.org/5.5.0/CodeSystem-sex-parameter-for-clinical-use.html"><code>http://terminology.hl7.org/CodeSystem/sex-parameter-for-clinical-use</code></a><table class="none"><tr><td style="white-space:nowrap"><b>Code</b></td><td><b>Display</b></td><td><b>Definition</b></td></tr><tr><td><a href="http://terminology.hl7.org/5.5.0/CodeSystem-sex-parameter-for-clinical-use.html#sex-parameter-for-clinical-use-female-typical">female-typical</a></td><td>Apply female-typical setting or reference range</td><td>Available data indicates that diagnostics, analytics, and treatments should consider best practices associated with female reference populations.</td></tr><tr><td><a href="http://terminology.hl7.org/5.5.0/CodeSystem-sex-parameter-for-clinical-use.html#sex-parameter-for-clinical-use-male-typical">male-typical</a></td><td>Apply male-typical setting or reference range</td><td>Available data indicates that diagnostics, analytics, and treatments should consider best practices associated with male reference populations.</td></tr></table></li></ul></div>
  </text>
  <extension url="http://hl7.org/fhir/StructureDefinition/structuredefinition-fmm">
    <valueInteger value="1"/>
  </extension>
  <extension url="http://hl7.org/fhir/StructureDefinition/structuredefinition-standards-status">
    <valueCode value="draft"/>
  </extension>
  <url value="http://terminology.ehdsi.eu/ValueSet/eHDSIReferenceRangeAppliesTo"/>
  <identifier>
    <system value="urn:ietf:rfc:3986"/>
    <value value="urn:oid:1.3.6.1.4.1.12559.11.10.1.3.1.42.75"/>
  </identifier>
  <version value="0.0.1"/>
  <name value="EHDSIReferenceRangeAppliesTo"/>
  <title value="eHDSI Reference Range Applies To"/>
  <status value="draft"/>
  <experimental value="false"/>
  <date value="2025-03-03T08:58:37+01:00"/>
  <publisher value="SNS"/>
  <contact>
    <name value="SNS"/>
    <telecom>
      <system value="url"/>
      <value value="https://sns.gob.es"/>
    </telecom>
  </contact>
  <description value="This value set defines a set of codes that can be used to indicate the particular target population the reference range applies to"/>
  <compose>
    <include>
      <system value="http://terminology.hl7.org/CodeSystem/sex-parameter-for-clinical-use"/>
      <concept>
        <code value="female-typical"/>
        <display value="Apply female-typical setting or reference range"/>
      </concept>
      <concept>
        <code value="male-typical"/>
        <display value="Apply male-typical setting or reference range"/>
      </concept>
    </include>
  </compose>
</ValueSet>