<?xml version="1.0" encoding="UTF-8"?>

<ValueSet xmlns="http://hl7.org/fhir">
  <id value="eHDSILabStudyTypeWithExceptions"/>
  <text>
    <status value="generated"/><div xmlns="http://www.w3.org/1999/xhtml"><p class="res-header-id"><b>Generated Narrative: ValueSet eHDSILabStudyTypeWithExceptions</b></p><a name="eHDSILabStudyTypeWithExceptions"> </a><a name="hceHDSILabStudyTypeWithExceptions"> </a><a name="eHDSILabStudyTypeWithExceptions-en-US"> </a><p>This value set includes codes based on the following rules:</p><ul><li>Import all the codes that are contained in <a href="ValueSet-eHDSIExceptionalValue.html">eHDSI Exceptional Value</a></li><li>Import all the codes that are contained in <a href="ValueSet-eHDSILabStudyType.html">eHDSI Laboratory Study Types</a></li></ul></div>
  </text>
  <extension url="http://hl7.org/fhir/StructureDefinition/structuredefinition-fmm">
    <valueInteger value="1"/>
  </extension>
  <extension url="http://hl7.org/fhir/StructureDefinition/structuredefinition-standards-status">
    <valueCode value="draft"/>
  </extension>
  <url value="http://fhir.ehdsi.eu/laboratory/ValueSet/eHDSILabStudyTypeWithExceptions"/>
  <version value="0.0.1"/>
  <name value="EHDSILabStudyTypeWithExceptions"/>
  <title value="eHDSI Laboratory Study Types with exceptions"/>
  <status value="draft"/>
  <experimental value="false"/>
  <date value="2025-03-03T08:58:37+01:00"/>
  <publisher value="SNS"/>
  <contact>
    <name value="SNS"/>
    <telecom>
      <system value="url"/>
      <value value="https://sns.gob.es"/>
    </telecom>
  </contact>
  <description value="eHDSI Laboratory Study Types. &#xA;Notes:&#xA;Note 1: 26436-6 (Laboratory studies) enables issuing a report putting together observations from multiple specialties (disciplines) in the same text block, allowing delivery of a global interpretation comment at the end of the text block that will be rendered at the end of the report.&#xA;Note 2: Mycology and parasitology, as well as bacteriology, are part of the 18725-2 (Microbiology studies (set)) studies.&#xA;Note 3: Virology MAY be included in 18725-2 (MICROBIOLOGY STUDIES) or 18727-8 (SEROLOGY STUDIES) or split between both study types, depending upon the Content Creator Actor’s choice.&#xA;It includes also exceptional values."/>
  <copyright value="This material contains content from LOINC (http://loinc.org). LOINC is copyright © 1995-2020, Regenstrief Institute, Inc. and the Logical Observation Identifiers Names and Codes (LOINC) Committee and is available at no cost under the license at http://loinc.org/license. LOINC® is a registered United States trademark of Regenstrief Institute, Inc"/>
  <compose>
    <include>
      <valueSet value="http://terminology.ehdsi.eu/ValueSet/eHDSIExceptionalValue"/>
    </include>
    <include>
      <valueSet value="http://terminology.ehdsi.eu/ValueSet/eHDSILabStudyType"/>
    </include>
  </compose>
</ValueSet>