<?xml version="1.0" encoding="UTF-8"?><Basic xmlns="http://hl7.org/fhir"><id value="actor-consumer-eu-lab"/><text><status value="generated"/><div xmlns="http://www.w3.org/1999/xhtml"><p class="res-header-id"><b>Generated Narrative: ActorDefinition actor-consumer-eu-lab</b></p><a name="actor-consumer-eu-lab"> </a><a name="hcactor-consumer-eu-lab"> </a><a name="actor-consumer-eu-lab-en-US"> </a><table class="grid"><tr><td><b>Actor: LabReportConsumer </b></td><td/><td>Type: system </td></tr><tr><td colspan="3"><div><p>This actor represents the Laboratory Report consumers. That is the system using the report received or retrieved.
Using includes, but is not limited to, the report display, storage or processing.</p>
</div></td></tr></table></div></text><extension url="http://hl7.org/fhir/5.0/StructureDefinition/extension-ActorDefinition.url"><valueUri value="http://hl7.eu/fhir/laboratory/actor-consumer-eu-lab"/></extension><extension url="http://hl7.org/fhir/5.0/StructureDefinition/extension-ActorDefinition.version"><valueString value="0.0.1"/></extension><extension url="http://hl7.org/fhir/5.0/StructureDefinition/extension-ActorDefinition.name"><valueString value="LabReportConsumer"/></extension><extension url="http://hl7.org/fhir/5.0/StructureDefinition/extension-ActorDefinition.status"><valueCode value="active"/></extension><extension url="http://hl7.org/fhir/5.0/StructureDefinition/extension-ActorDefinition.date"><valueDateTime value="2025-03-03T08:58:37+01:00"/></extension><extension url="http://hl7.org/fhir/5.0/StructureDefinition/extension-ActorDefinition.publisher"><valueString value="SNS"/></extension><extension url="http://hl7.org/fhir/5.0/StructureDefinition/extension-ActorDefinition.contact"><valueContactDetail><name value="SNS"/><telecom><system value="url"/><value value="https://sns.gob.es"/></telecom></valueContactDetail></extension><extension url="http://hl7.org/fhir/5.0/StructureDefinition/extension-ActorDefinition.jurisdiction"/><extension url="http://hl7.org/fhir/5.0/StructureDefinition/extension-ActorDefinition.type"><valueCode value="system"/></extension><extension url="http://hl7.org/fhir/5.0/StructureDefinition/extension-ActorDefinition.documentation"><valueMarkdown value="This actor represents the Laboratory Report consumers. That is the system using the report received or retrieved.&#xA;Using includes, but is not limited to, the report display, storage or processing."/></extension><code><coding><system value="http://hl7.org/fhir/fhir-types"/><code value="ActorDefinition"/></coding></code></Basic>