<?xml version="1.0" encoding="UTF-8"?><ConceptMap xmlns="http://hl7.org/fhir"><id value="author2FHIR-lab-myhealtheu"/><text><status value="generated"/><div xmlns="http://www.w3.org/1999/xhtml"><p class="res-header-id"><b>Generated Narrative: ConceptMap author2FHIR-lab-myhealtheu</b></p><a name="author2FHIR-lab-myhealtheu"> </a><a name="hcauthor2FHIR-lab-myhealtheu"> </a><a name="author2FHIR-lab-myhealtheu-en-US"> </a><p>Mapping from <a href="StructureDefinition-Author.html">Author</a> to <a href="StructureDefinition-Bundle-lab-myhealtheu.html">Bundle: Laboratory</a></p><br/><p><b>Group 1 </b>Mapping from <a href="StructureDefinition-Author.html">Author</a> to <a href="StructureDefinition-Composition-lab-myhealtheu.html">Composition: Laboratory</a></p><table class="grid"><tr><td><b>Source Code</b></td><td><b>Relationship</b></td><td><b>Target Code</b></td><td><b>Comment</b></td></tr><tr><td>Author.identifier (Author identifier)</td><td><a href="http://hl7.org/fhir/extensions/5.2.0/CodeSystem-concept-map-equivalence.html#equivalent" title="equivalent">is equivalent to</a></td><td>Composition.author.identifier</td><td/></tr><tr><td>Author.name (Author name)</td><td><a href="http://hl7.org/fhir/extensions/5.2.0/CodeSystem-concept-map-equivalence.html#equivalent" title="equivalent">is equivalent to</a></td><td>Composition.author.name</td><td>Human Author and author.ofType(Practitioner)</td></tr><tr><td>Author.name (Author name)</td><td><a href="http://hl7.org/fhir/extensions/5.2.0/CodeSystem-concept-map-equivalence.html#equivalent" title="equivalent">is equivalent to</a></td><td>Composition.author.Practitioner.name</td><td>Human Author and  author.ofType(PractitionerRole)</td></tr><tr><td>Author.name (Author name)</td><td><a href="http://hl7.org/fhir/extensions/5.2.0/CodeSystem-concept-map-equivalence.html#equivalent" title="equivalent">is equivalent to</a></td><td>Composition.author.displayName</td><td>Device Author, implies author.ofType(Device)</td></tr><tr><td>Author.organization (Author organization)</td><td><a href="http://hl7.org/fhir/extensions/5.2.0/CodeSystem-concept-map-equivalence.html#equivalent" title="equivalent">is equivalent to</a></td><td>Composition.author.organization</td><td>Human Author and author.ofType(PractitionerRole)</td></tr><tr><td>Author.organization (Author organization)</td><td><a href="http://hl7.org/fhir/extensions/5.2.0/CodeSystem-concept-map-equivalence.html#equivalent" title="equivalent">is equivalent to</a></td><td>Composition.author.owner</td><td>Device Author, implies author.ofType(Device)</td></tr><tr><td>Author.organization.name (Organization Name)</td><td><a href="http://hl7.org/fhir/extensions/5.2.0/CodeSystem-concept-map-equivalence.html#equivalent" title="equivalent">is equivalent to</a></td><td>Composition.author.organization.name</td><td>Human Author and author.ofType(PractitionerRole)</td></tr><tr><td>Author.organization.address (Organization Address)</td><td><a href="http://hl7.org/fhir/extensions/5.2.0/CodeSystem-concept-map-equivalence.html#equivalent" title="equivalent">is equivalent to</a></td><td>Composition.author.organization.address</td><td>Human Author and author.ofType(PractitionerRole)</td></tr><tr><td>Author.organization.telecom (Organization telecom)</td><td><a href="http://hl7.org/fhir/extensions/5.2.0/CodeSystem-concept-map-equivalence.html#equivalent" title="equivalent">is equivalent to</a></td><td>Composition.author.organization.telecom</td><td>Human Author and author.ofType(PractitionerRole)</td></tr><tr><td>Author.organization.name (Organization Name)</td><td><a href="http://hl7.org/fhir/extensions/5.2.0/CodeSystem-concept-map-equivalence.html#equivalent" title="equivalent">is equivalent to</a></td><td>Composition.author.owner.name</td><td>Device Author, implies author.ofType(Device)</td></tr><tr><td>Author.organization.address (Organization Address)</td><td><a href="http://hl7.org/fhir/extensions/5.2.0/CodeSystem-concept-map-equivalence.html#equivalent" title="equivalent">is equivalent to</a></td><td>Composition.author.owner.address</td><td>Device Author, implies author.ofType(Device)</td></tr><tr><td>Author.organization.telecom (Organization telecom)</td><td><a href="http://hl7.org/fhir/extensions/5.2.0/CodeSystem-concept-map-equivalence.html#equivalent" title="equivalent">is equivalent to</a></td><td>Composition.author.owner.telecom</td><td>Device Author, implies author.ofType(Device)</td></tr></table><hr/><p><b>Group 2 </b>Mapping from <a href="StructureDefinition-Author.html">Author</a> to <a href="StructureDefinition-DiagnosticReport-lab-myhealtheu.html">DiagnosticReport: Laboratory</a></p><table class="grid"><tr><td><b>Source Code</b></td><td><b>Relationship</b></td><td><b>Target Code</b></td><td><b>Comment</b></td></tr><tr><td>Author.identifier (Author identifier)</td><td><a href="http://hl7.org/fhir/extensions/5.2.0/CodeSystem-concept-map-equivalence.html#relatedto" title="relatedto">is related to</a></td><td>DiagnosticReport.resultsInterpreter.identifier</td><td>If the author is the interpreter</td></tr><tr><td>Author.identifier (Author identifier)</td><td><a href="http://hl7.org/fhir/extensions/5.2.0/CodeSystem-concept-map-equivalence.html#relatedto" title="relatedto">is related to</a></td><td>DiagnosticReport.performer.identifier</td><td>If the author is the performer</td></tr><tr><td>Author.name (Author name)</td><td><a href="http://hl7.org/fhir/extensions/5.2.0/CodeSystem-concept-map-equivalence.html#relatedto" title="relatedto">is related to</a></td><td>DiagnosticReport.resultsInterpreter.name</td><td>If the author is the interpreter and 
resultsInterpreter.resolve().ofType(Practitioner)</td></tr><tr><td>Author.name (Author name)</td><td><a href="http://hl7.org/fhir/extensions/5.2.0/CodeSystem-concept-map-equivalence.html#relatedto" title="relatedto">is related to</a></td><td>DiagnosticReport.resultsInterpreter.practitioner.name</td><td>If the author is the interpreter and resultsInterpreter.resolve().ofType(PractitionerRole)</td></tr><tr><td>Author.name (Author name)</td><td><a href="http://hl7.org/fhir/extensions/5.2.0/CodeSystem-concept-map-equivalence.html#relatedto" title="relatedto">is related to</a></td><td>DiagnosticReport.performer.name</td><td>If the author is the performer and performer.resolve().ofType(Practitioner)</td></tr><tr><td>Author.name (Author name)</td><td><a href="http://hl7.org/fhir/extensions/5.2.0/CodeSystem-concept-map-equivalence.html#relatedto" title="relatedto">is related to</a></td><td>DiagnosticReport.performer.Practitioner.name</td><td>If the author is the performer and performer.resolve().ofType(PractitionerRole)</td></tr><tr><td>Author.organization (Author organization)</td><td><a href="http://hl7.org/fhir/extensions/5.2.0/CodeSystem-concept-map-equivalence.html#relatedto" title="relatedto">is related to</a></td><td>DiagnosticReport.resultsInterpreter.organization</td><td>If the author is the interpreter and resultsInterpreter.resolve().ofType(PractitionerRole)</td></tr><tr><td>Author.organization (Author organization)</td><td><a href="http://hl7.org/fhir/extensions/5.2.0/CodeSystem-concept-map-equivalence.html#relatedto" title="relatedto">is related to</a></td><td>DiagnosticReport.performer.organization</td><td>If the author is the performer and performer.resolve().ofType(PractitionerRole)</td></tr><tr><td>Author.organization.name (Organization Name)</td><td><a href="http://hl7.org/fhir/extensions/5.2.0/CodeSystem-concept-map-equivalence.html#relatedto" title="relatedto">is related to</a></td><td>DiagnosticReport.performer.organization.name</td><td>If the author is the performer and performer.resolve().ofType(PractitionerRole)</td></tr><tr><td>Author.organization.address (Organization Address)</td><td><a href="http://hl7.org/fhir/extensions/5.2.0/CodeSystem-concept-map-equivalence.html#relatedto" title="relatedto">is related to</a></td><td>DiagnosticReport.performer.organization.address</td><td>If the author is the performer and performer.resolve().ofType(PractitionerRole)</td></tr><tr><td>Author.organization.telecom (Organization telecom)</td><td><a href="http://hl7.org/fhir/extensions/5.2.0/CodeSystem-concept-map-equivalence.html#relatedto" title="relatedto">is related to</a></td><td>DiagnosticReport.performer.organization.telecom</td><td>If the author is the performer and performer.resolve().ofType(PractitionerRole)</td></tr><tr><td>Author.organization.name (Organization Name)</td><td><a href="http://hl7.org/fhir/extensions/5.2.0/CodeSystem-concept-map-equivalence.html#relatedto" title="relatedto">is related to</a></td><td>DiagnosticReport.resultsInterpreter.organization.name</td><td>If the author is the interpreter and resultsInterpreter.resolve().ofType(PractitionerRole)</td></tr><tr><td>Author.organization.address (Organization Address)</td><td><a href="http://hl7.org/fhir/extensions/5.2.0/CodeSystem-concept-map-equivalence.html#relatedto" title="relatedto">is related to</a></td><td>DiagnosticReport.resultsInterpreter.organization.address</td><td>If the author is the interpreter and resultsInterpreter.resolve().ofType(PractitionerRole)</td></tr><tr><td>Author.organization.telecom (Organization telecom)</td><td><a href="http://hl7.org/fhir/extensions/5.2.0/CodeSystem-concept-map-equivalence.html#relatedto" title="relatedto">is related to</a></td><td>DiagnosticReport.resultsInterpreter.organization.telecom</td><td>If the author is the interpreter and resultsInterpreter.resolve().ofType(PractitionerRole)</td></tr></table></div></text><url value="http://fhir.ehdsi.eu/laboratory/ConceptMap/author2FHIR-lab-myhealtheu"/><version value="0.0.1"/><name value="LabRptAuthor2FHIR"/><title value="MyHealth@EUAuthor to this guide Map"/><status value="draft"/><experimental value="true"/><date value="2025-03-03T08:58:37+01:00"/><publisher value="SNS"/><contact><name value="SNS"/><telecom><system value="url"/><value value="https://sns.gob.es"/></telecom></contact><description value="MyHealth@EUAuthor Model to this guide Map"/><purpose value="It shows how the Laboratory Report Author data set defined by the EU MyHealth@EUguidelines is mapped into this guide"/><sourceUri value="http://fhir.ehdsi.eu/laboratory/StructureDefinition/Author"/><targetUri value="http://fhir.ehdsi.eu/laboratory/StructureDefinition/Bundle-lab-myhealtheu"/><group><source value="http://fhir.ehdsi.eu/laboratory/StructureDefinition/Author"/><target value="http://fhir.ehdsi.eu/laboratory/StructureDefinition/Composition-lab-myhealtheu"/><element><code value="Author.identifier"/><display value="Author identifier"/><target><code value="Composition.author.identifier"/><equivalence value="equivalent"/></target></element><element><code value="Author.name"/><display value="Author name"/><target><code value="Composition.author.name"/><equivalence value="equivalent"/><comment value="Human Author and author.ofType(Practitioner)"/></target></element><element><code value="Author.name"/><display value="Author name"/><target><code value="Composition.author.Practitioner.name"/><equivalence value="equivalent"/><comment value="Human Author and  author.ofType(PractitionerRole)"/></target></element><element><code value="Author.name"/><display value="Author name"/><target><code value="Composition.author.displayName"/><equivalence value="equivalent"/><comment value="Device Author, implies author.ofType(Device)"/></target></element><element><code value="Author.organization"/><display value="Author organization"/><target><code value="Composition.author.organization"/><equivalence value="equivalent"/><comment value="Human Author and author.ofType(PractitionerRole)"/></target></element><element><code value="Author.organization"/><display value="Author organization"/><target><code value="Composition.author.owner"/><equivalence value="equivalent"/><comment value="Device Author, implies author.ofType(Device)"/></target></element><element><code value="Author.organization.name"/><display value="Organization Name"/><target><code value="Composition.author.organization.name"/><equivalence value="equivalent"/><comment value="Human Author and author.ofType(PractitionerRole)"/></target></element><element><code value="Author.organization.address"/><display value="Organization Address"/><target><code value="Composition.author.organization.address"/><equivalence value="equivalent"/><comment value="Human Author and author.ofType(PractitionerRole)"/></target></element><element><code value="Author.organization.telecom"/><display value="Organization telecom"/><target><code value="Composition.author.organization.telecom"/><equivalence value="equivalent"/><comment value="Human Author and author.ofType(PractitionerRole)"/></target></element><element><code value="Author.organization.name"/><display value="Organization Name"/><target><code value="Composition.author.owner.name"/><equivalence value="equivalent"/><comment value="Device Author, implies author.ofType(Device)"/></target></element><element><code value="Author.organization.address"/><display value="Organization Address"/><target><code value="Composition.author.owner.address"/><equivalence value="equivalent"/><comment value="Device Author, implies author.ofType(Device)"/></target></element><element><code value="Author.organization.telecom"/><display value="Organization telecom"/><target><code value="Composition.author.owner.telecom"/><equivalence value="equivalent"/><comment value="Device Author, implies author.ofType(Device)"/></target></element></group><group><source value="http://fhir.ehdsi.eu/laboratory/StructureDefinition/Author"/><target value="http://fhir.ehdsi.eu/laboratory/StructureDefinition/DiagnosticReport-lab-myhealtheu"/><element><code value="Author.identifier"/><display value="Author identifier"/><target><code value="DiagnosticReport.resultsInterpreter.identifier"/><equivalence value="relatedto"/><comment value="If the author is the interpreter"/></target></element><element><code value="Author.identifier"/><display value="Author identifier"/><target><code value="DiagnosticReport.performer.identifier"/><equivalence value="relatedto"/><comment value="If the author is the performer"/></target></element><element><code value="Author.name"/><display value="Author name"/><target><code value="DiagnosticReport.resultsInterpreter.name"/><equivalence value="relatedto"/><comment value="If the author is the interpreter and &#xA;resultsInterpreter.resolve().ofType(Practitioner)"/></target></element><element><code value="Author.name"/><display value="Author name"/><target><code value="DiagnosticReport.resultsInterpreter.practitioner.name"/><equivalence value="relatedto"/><comment value="If the author is the interpreter and resultsInterpreter.resolve().ofType(PractitionerRole)"/></target></element><element><code value="Author.name"/><display value="Author name"/><target><code value="DiagnosticReport.performer.name"/><equivalence value="relatedto"/><comment value="If the author is the performer and performer.resolve().ofType(Practitioner)"/></target></element><element><code value="Author.name"/><display value="Author name"/><target><code value="DiagnosticReport.performer.Practitioner.name"/><equivalence value="relatedto"/><comment value="If the author is the performer and performer.resolve().ofType(PractitionerRole)"/></target></element><element><code value="Author.organization"/><display value="Author organization"/><target><code value="DiagnosticReport.resultsInterpreter.organization"/><equivalence value="relatedto"/><comment value="If the author is the interpreter and resultsInterpreter.resolve().ofType(PractitionerRole)"/></target></element><element><code value="Author.organization"/><display value="Author organization"/><target><code value="DiagnosticReport.performer.organization"/><equivalence value="relatedto"/><comment value="If the author is the performer and performer.resolve().ofType(PractitionerRole)"/></target></element><element><code value="Author.organization.name"/><display value="Organization Name"/><target><code value="DiagnosticReport.performer.organization.name"/><equivalence value="relatedto"/><comment value="If the author is the performer and performer.resolve().ofType(PractitionerRole)"/></target></element><element><code value="Author.organization.address"/><display value="Organization Address"/><target><code value="DiagnosticReport.performer.organization.address"/><equivalence value="relatedto"/><comment value="If the author is the performer and performer.resolve().ofType(PractitionerRole)"/></target></element><element><code value="Author.organization.telecom"/><display value="Organization telecom"/><target><code value="DiagnosticReport.performer.organization.telecom"/><equivalence value="relatedto"/><comment value="If the author is the performer and performer.resolve().ofType(PractitionerRole)"/></target></element><element><code value="Author.organization.name"/><display value="Organization Name"/><target><code value="DiagnosticReport.resultsInterpreter.organization.name"/><equivalence value="relatedto"/><comment value="If the author is the interpreter and resultsInterpreter.resolve().ofType(PractitionerRole)"/></target></element><element><code value="Author.organization.address"/><display value="Organization Address"/><target><code value="DiagnosticReport.resultsInterpreter.organization.address"/><equivalence value="relatedto"/><comment value="If the author is the interpreter and resultsInterpreter.resolve().ofType(PractitionerRole)"/></target></element><element><code value="Author.organization.telecom"/><display value="Organization telecom"/><target><code value="DiagnosticReport.resultsInterpreter.organization.telecom"/><equivalence value="relatedto"/><comment value="If the author is the interpreter and resultsInterpreter.resolve().ofType(PractitionerRole)"/></target></element></group></ConceptMap>