<?xml version="1.0" encoding="UTF-8"?><ConceptMap xmlns="http://hl7.org/fhir"><id value="order2FHIR-lab-myhealtheu"/><text><status value="generated"/><div xmlns="http://www.w3.org/1999/xhtml"><p class="res-header-id"><b>Generated Narrative: ConceptMap order2FHIR-lab-myhealtheu</b></p><a name="order2FHIR-lab-myhealtheu"> </a><a name="hcorder2FHIR-lab-myhealtheu"> </a><a name="order2FHIR-lab-myhealtheu-en-US"> </a><p>Mapping from <a href="StructureDefinition-Order.html">Order information and reason</a> to <a href="StructureDefinition-ServiceRequest-lab-myhealtheu.html">ServiceRequest: Laboratory</a></p><br/><p><b>Group 1 </b>Mapping from <a href="StructureDefinition-Order.html">Order information and reason</a> to <a href="StructureDefinition-ServiceRequest-lab-myhealtheu.html">ServiceRequest: Laboratory</a></p><table class="grid"><tr><td><b>Source Code</b></td><td><b>Relationship</b></td><td><b>Target Code</b></td><td><b>Comment</b></td></tr><tr><td>Order.orderDetails (Order Information)</td><td><a href="http://hl7.org/fhir/extensions/5.2.0/CodeSystem-concept-map-equivalence.html#relatedto" title="relatedto">is related to</a></td><td>ServiceRequest</td><td/></tr><tr><td>Order.orderDetails.identifier (Order Id)</td><td><a href="http://hl7.org/fhir/extensions/5.2.0/CodeSystem-concept-map-equivalence.html#relatedto" title="relatedto">is related to</a></td><td>ServiceRequest.identifier</td><td/></tr><tr><td>Order.orderDetails.identifier (Order Id)</td><td><a href="http://hl7.org/fhir/extensions/5.2.0/CodeSystem-concept-map-equivalence.html#relatedto" title="relatedto">is related to</a></td><td>ServiceRequest.requisition</td><td>if the Composite Request ID.</td></tr><tr><td>Order.orderDetails.dateTime (Order date and time)</td><td><a href="http://hl7.org/fhir/extensions/5.2.0/CodeSystem-concept-map-equivalence.html#equivalent" title="equivalent">is equivalent to</a></td><td>ServiceRequest.authoredOn</td><td/></tr><tr><td>Order.orderDetails.orderPlacer (Order Placer)</td><td><a href="http://hl7.org/fhir/extensions/5.2.0/CodeSystem-concept-map-equivalence.html#equivalent" title="equivalent">is equivalent to</a></td><td>ServiceRequest.requester</td><td/></tr><tr><td>Order.orderDetails.orderPlacer.identifier (Order placer identifier)</td><td><a href="http://hl7.org/fhir/extensions/5.2.0/CodeSystem-concept-map-equivalence.html#relatedto" title="relatedto">is related to</a></td><td>ServiceRequest.requester.identifier</td><td>if the Composite Request ID.</td></tr><tr><td>Order.orderDetails.orderPlacer.name (Order placer name)</td><td><a href="http://hl7.org/fhir/extensions/5.2.0/CodeSystem-concept-map-equivalence.html#relatedto" title="relatedto">is related to</a></td><td>ServiceRequest.requester.name</td><td>requester.resolve().ofType(Practitioner).name</td></tr><tr><td>Order.orderDetails.orderPlacer.name (Order placer name)</td><td><a href="http://hl7.org/fhir/extensions/5.2.0/CodeSystem-concept-map-equivalence.html#relatedto" title="relatedto">is related to</a></td><td>ServiceRequest.requester.practitioner.name</td><td>requester.resolve().ofType(PractitionerRole).practitioner.resolve().name</td></tr><tr><td>Order.orderDetails.orderPlacer.specialty (Order placer specialty)</td><td><a href="http://hl7.org/fhir/extensions/5.2.0/CodeSystem-concept-map-equivalence.html#relatedto" title="relatedto">is related to</a></td><td>ServiceRequest.requester.practitioner.specialty</td><td>requester.resolve().ofType(PractitionerRole).specialty</td></tr><tr><td>Order.orderDetails.orderPlacer.contacts (Order placer contact details)</td><td><a href="http://hl7.org/fhir/extensions/5.2.0/CodeSystem-concept-map-equivalence.html#relatedto" title="relatedto">is related to</a></td><td>ServiceRequest.requester.telecom</td><td>requester.resolve().ofType(Practitioner).telecom</td></tr><tr><td>Order.orderDetails.orderPlacer.contacts (Order placer contact details)</td><td><a href="http://hl7.org/fhir/extensions/5.2.0/CodeSystem-concept-map-equivalence.html#relatedto" title="relatedto">is related to</a></td><td>ServiceRequest.requester.address</td><td>requester.resolve().ofType(Practitioner).address</td></tr><tr><td>Order.orderDetails.orderPlacer.contacts (Order placer contact details)</td><td><a href="http://hl7.org/fhir/extensions/5.2.0/CodeSystem-concept-map-equivalence.html#relatedto" title="relatedto">is related to</a></td><td>ServiceRequest.requester.telecom</td><td>requester.resolve().ofType(PractitionerRole).telecom</td></tr><tr><td>Order.orderDetails.orderPlacer.organization (Order placer organization)</td><td><a href="http://hl7.org/fhir/extensions/5.2.0/CodeSystem-concept-map-equivalence.html#equivalent" title="equivalent">is equivalent to</a></td><td>ServiceRequest.requester.organization</td><td>requester.resolve().ofType(PractitionerRole).organization.resolve()</td></tr><tr><td>Order.orderDetails.orderPlacer.organization.name (Organization Name)</td><td><a href="http://hl7.org/fhir/extensions/5.2.0/CodeSystem-concept-map-equivalence.html#equivalent" title="equivalent">is equivalent to</a></td><td>ServiceRequest.requester.organization.name</td><td>requester.resolve().ofType(PractitionerRole).organization.resolve()</td></tr><tr><td>Order.orderDetails.orderPlacer.organization.address (Organization Address)</td><td><a href="http://hl7.org/fhir/extensions/5.2.0/CodeSystem-concept-map-equivalence.html#equivalent" title="equivalent">is equivalent to</a></td><td>ServiceRequest.requester.organization.address</td><td>requester.resolve().ofType(PractitionerRole).organization.resolve()</td></tr><tr><td>Order.orderDetails.orderPlacer.organization.telecom (Organization telecom)</td><td><a href="http://hl7.org/fhir/extensions/5.2.0/CodeSystem-concept-map-equivalence.html#equivalent" title="equivalent">is equivalent to</a></td><td>ServiceRequest.requester.organization.telecom</td><td>requester.resolve().ofType(PractitionerRole).organization.resolve()</td></tr><tr><td>Order.reason (Order reason)</td><td><a href="http://hl7.org/fhir/extensions/5.2.0/CodeSystem-concept-map-equivalence.html#relatedto" title="relatedto">is related to</a></td><td>ServiceRequest.reasonCode</td><td/></tr><tr><td>Order.reason (Order reason)</td><td><a href="http://hl7.org/fhir/extensions/5.2.0/CodeSystem-concept-map-equivalence.html#relatedto" title="relatedto">is related to</a></td><td>ServiceRequest.reasonReference</td><td/></tr><tr><td>Order.reason.code (Problem / diagnosis / condition description)</td><td><a href="http://hl7.org/fhir/extensions/5.2.0/CodeSystem-concept-map-equivalence.html#equivalent" title="equivalent">is equivalent to</a></td><td>ServiceRequest.reasonCode</td><td/></tr></table></div></text><url value="http://fhir.ehdsi.eu/laboratory/ConceptMap/order2FHIR-lab-myhealtheu"/><version value="0.0.1"/><name value="Order2Fhir"/><title value="MyHealth@EUOrder to this guide Map"/><status value="draft"/><experimental value="true"/><date value="2025-03-03T08:58:37+01:00"/><publisher value="SNS"/><contact><name value="SNS"/><telecom><system value="url"/><value value="https://sns.gob.es"/></telecom></contact><description value="MyHealth@EUOrder to this guide Map"/><purpose value="It shows how the Order data set defined by the EU MyHealth@EUguidelines is mapped into this guide"/><sourceUri value="http://fhir.ehdsi.eu/laboratory/StructureDefinition/Order"/><targetUri value="http://fhir.ehdsi.eu/laboratory/StructureDefinition/ServiceRequest-lab-myhealtheu"/><group><source value="http://fhir.ehdsi.eu/laboratory/StructureDefinition/Order"/><target value="http://fhir.ehdsi.eu/laboratory/StructureDefinition/ServiceRequest-lab-myhealtheu"/><element><code value="Order.orderDetails"/><display value="Order Information"/><target><code value="ServiceRequest"/><equivalence value="relatedto"/></target></element><element><code value="Order.orderDetails.identifier"/><display value="Order Id"/><target><code value="ServiceRequest.identifier"/><equivalence value="relatedto"/></target></element><element><code value="Order.orderDetails.identifier"/><display value="Order Id"/><target><code value="ServiceRequest.requisition"/><equivalence value="relatedto"/><comment value="if the Composite Request ID."/></target></element><element><code value="Order.orderDetails.dateTime"/><display value="Order date and time"/><target><code value="ServiceRequest.authoredOn"/><equivalence value="equivalent"/></target></element><element><code value="Order.orderDetails.orderPlacer"/><display value="Order Placer"/><target><code value="ServiceRequest.requester"/><equivalence value="equivalent"/></target></element><element><code value="Order.orderDetails.orderPlacer.identifier"/><display value="Order placer identifier"/><target><code value="ServiceRequest.requester.identifier"/><equivalence value="relatedto"/><comment value="if the Composite Request ID."/></target></element><element><code value="Order.orderDetails.orderPlacer.name"/><display value="Order placer name"/><target><code value="ServiceRequest.requester.name"/><equivalence value="relatedto"/><comment value="requester.resolve().ofType(Practitioner).name"/></target></element><element><code value="Order.orderDetails.orderPlacer.name"/><display value="Order placer name"/><target><code value="ServiceRequest.requester.practitioner.name"/><equivalence value="relatedto"/><comment value="requester.resolve().ofType(PractitionerRole).practitioner.resolve().name"/></target></element><element><code value="Order.orderDetails.orderPlacer.specialty"/><display value="Order placer specialty"/><target><code value="ServiceRequest.requester.practitioner.specialty"/><equivalence value="relatedto"/><comment value="requester.resolve().ofType(PractitionerRole).specialty"/></target></element><element><code value="Order.orderDetails.orderPlacer.contacts"/><display value="Order placer contact details"/><target><code value="ServiceRequest.requester.telecom"/><equivalence value="relatedto"/><comment value="requester.resolve().ofType(Practitioner).telecom"/></target></element><element><code value="Order.orderDetails.orderPlacer.contacts"/><display value="Order placer contact details"/><target><code value="ServiceRequest.requester.address"/><equivalence value="relatedto"/><comment value="requester.resolve().ofType(Practitioner).address"/></target></element><element><code value="Order.orderDetails.orderPlacer.contacts"/><display value="Order placer contact details"/><target><code value="ServiceRequest.requester.telecom"/><equivalence value="relatedto"/><comment value="requester.resolve().ofType(PractitionerRole).telecom"/></target></element><element><code value="Order.orderDetails.orderPlacer.organization"/><display value="Order placer organization"/><target><code value="ServiceRequest.requester.organization"/><equivalence value="equivalent"/><comment value="requester.resolve().ofType(PractitionerRole).organization.resolve()"/></target></element><element><code value="Order.orderDetails.orderPlacer.organization.name"/><display value="Organization Name"/><target><code value="ServiceRequest.requester.organization.name"/><equivalence value="equivalent"/><comment value="requester.resolve().ofType(PractitionerRole).organization.resolve()"/></target></element><element><code value="Order.orderDetails.orderPlacer.organization.address"/><display value="Organization Address"/><target><code value="ServiceRequest.requester.organization.address"/><equivalence value="equivalent"/><comment value="requester.resolve().ofType(PractitionerRole).organization.resolve()"/></target></element><element><code value="Order.orderDetails.orderPlacer.organization.telecom"/><display value="Organization telecom"/><target><code value="ServiceRequest.requester.organization.telecom"/><equivalence value="equivalent"/><comment value="requester.resolve().ofType(PractitionerRole).organization.resolve()"/></target></element><element><code value="Order.reason"/><display value="Order reason"/><target><code value="ServiceRequest.reasonCode"/><equivalence value="relatedto"/></target></element><element><code value="Order.reason"/><display value="Order reason"/><target><code value="ServiceRequest.reasonReference"/><equivalence value="relatedto"/></target></element><element><code value="Order.reason.code"/><display value="Problem / diagnosis / condition description"/><target><code value="ServiceRequest.reasonCode"/><equivalence value="equivalent"/></target></element></group></ConceptMap>