<?xml version="1.0" encoding="UTF-8"?><ConceptMap xmlns="http://hl7.org/fhir"><id value="recipient2FHIR-lab-myhealtheu"/><text><status value="generated"/><div xmlns="http://www.w3.org/1999/xhtml"><p class="res-header-id"><b>Generated Narrative: ConceptMap recipient2FHIR-lab-myhealtheu</b></p><a name="recipient2FHIR-lab-myhealtheu"> </a><a name="hcrecipient2FHIR-lab-myhealtheu"> </a><a name="recipient2FHIR-lab-myhealtheu-en-US"> </a><p>Mapping from <a href="StructureDefinition-Recipient.html">A.1.4 - Information recipient</a> to <a href="http://hl7.eu/fhir/extensions/0.1.0/StructureDefinition-information-recipient.html">Information recipient</a></p><br/><p><b>Group 1 </b>Mapping from <a href="StructureDefinition-Recipient.html">A.1.4 - Information recipient</a> to <a href="http://hl7.eu/fhir/extensions/0.1.0/StructureDefinition-information-recipient.html">Information recipient</a></p><table class="grid"><tr><td><b>Source Code</b></td><td><b>Relationship</b></td><td><b>Target Code</b></td><td><b>Comment</b></td></tr><tr><td>Recipient.identifier (Recipient identifier)</td><td><a href="http://hl7.org/fhir/extensions/5.2.0/CodeSystem-concept-map-equivalence.html#equivalent" title="equivalent">is equivalent to</a></td><td>extension:information-recipient.valueReference.identifier</td><td/></tr><tr><td>Recipient.name (Recipient name)</td><td><a href="http://hl7.org/fhir/extensions/5.2.0/CodeSystem-concept-map-equivalence.html#equivalent" title="equivalent">is equivalent to</a></td><td>extension:information-recipient.valueReference.name</td><td/></tr><tr><td>Recipient.organization (Recipient organization)</td><td><a href="http://hl7.org/fhir/extensions/5.2.0/CodeSystem-concept-map-equivalence.html#equivalent" title="equivalent">is equivalent to</a></td><td>extension:information-recipient.valueReference</td><td>ValueReference.resolve().ofType(Organization). If the recipient is an organization.</td></tr><tr><td>Recipient.organization (Recipient organization)</td><td><a href="http://hl7.org/fhir/extensions/5.2.0/CodeSystem-concept-map-equivalence.html#equivalent" title="equivalent">is equivalent to</a></td><td>extension:information-recipient.valueReference.organization</td><td>ValueReference.resolve().ofType(PractitionerRole). If it is the organization the professional belong to</td></tr><tr><td>Recipient.organization.name (Organization Name)</td><td><a href="http://hl7.org/fhir/extensions/5.2.0/CodeSystem-concept-map-equivalence.html#equivalent" title="equivalent">is equivalent to</a></td><td>extension:information-recipient.valueReference.name</td><td>ValueReference.resolve().ofType(Organization). If the recipient is an organization.</td></tr><tr><td>Recipient.organization.address (Organization Address)</td><td><a href="http://hl7.org/fhir/extensions/5.2.0/CodeSystem-concept-map-equivalence.html#equivalent" title="equivalent">is equivalent to</a></td><td>extension:information-recipient.valueReference.address</td><td>ValueReference.resolve().ofType(Organization). If the recipient is an organization.</td></tr><tr><td>Recipient.organization.telecom (Organization telecom)</td><td><a href="http://hl7.org/fhir/extensions/5.2.0/CodeSystem-concept-map-equivalence.html#equivalent" title="equivalent">is equivalent to</a></td><td>extension:information-recipient.valueReference.telecom</td><td>ValueReference.resolve().ofType(Organization). If the recipient is an organization.</td></tr><tr><td>Recipient.organization.name (Organization Name)</td><td><a href="http://hl7.org/fhir/extensions/5.2.0/CodeSystem-concept-map-equivalence.html#equivalent" title="equivalent">is equivalent to</a></td><td>extension:information-recipient.valueReference.organization.name</td><td>ValueReference.resolve().ofType(PractitionerRole). If it is the organization the professional belong to</td></tr><tr><td>Recipient.organization.address (Organization Address)</td><td><a href="http://hl7.org/fhir/extensions/5.2.0/CodeSystem-concept-map-equivalence.html#equivalent" title="equivalent">is equivalent to</a></td><td>extension:information-recipient.valueReference.organization.address</td><td>ValueReference.resolve().ofType(PractitionerRole). If it is the organization the professional belong to</td></tr><tr><td>Recipient.organization.telecom (Organization telecom)</td><td><a href="http://hl7.org/fhir/extensions/5.2.0/CodeSystem-concept-map-equivalence.html#equivalent" title="equivalent">is equivalent to</a></td><td>extension:information-recipient.valueReference.organization.telecom</td><td>ValueReference.resolve().ofType(PractitionerRole). If it is the organization the professional belong to</td></tr><tr><td>Recipient.address (Address)</td><td><a href="http://hl7.org/fhir/extensions/5.2.0/CodeSystem-concept-map-equivalence.html#equivalent" title="equivalent">is equivalent to</a></td><td>extension:information-recipient.ValueReference.address</td><td>If ValueReference.resolve().ofType(Practitioner) OR ValueReference.resolve().ofType(Patient)</td></tr><tr><td>Recipient.country (Country)</td><td><a href="http://hl7.org/fhir/extensions/5.2.0/CodeSystem-concept-map-equivalence.html#equivalent" title="equivalent">is equivalent to</a></td><td>extension:information-recipient.ValueReference.address.country</td><td>If ValueReference.resolve().ofType(Practitioner) OR ValueReference.resolve().ofType(Patient)</td></tr><tr><td>Recipient.telecom (Telecom)</td><td><a href="http://hl7.org/fhir/extensions/5.2.0/CodeSystem-concept-map-equivalence.html#equivalent" title="equivalent">is equivalent to</a></td><td>extension:information-recipient.ValueReference.telecom</td><td>If ValueReference.resolve().ofType(Practitioner) OR ValueReference.resolve().ofType(Patient)</td></tr><tr><td>Recipient.address (Address)</td><td><a href="http://hl7.org/fhir/extensions/5.2.0/CodeSystem-concept-map-equivalence.html#relatedto" title="relatedto">is related to</a></td><td>extension:information-recipient.ValueReference.practitioner.address</td><td>If ValueReference.resolve().ofType(PractitionerRole)</td></tr><tr><td>Recipient.country (Country)</td><td><a href="http://hl7.org/fhir/extensions/5.2.0/CodeSystem-concept-map-equivalence.html#relatedto" title="relatedto">is related to</a></td><td>extension:information-recipient.ValueReference.practitioner.address.country</td><td>If ValueReference.resolve().ofType(PractitionerRole)</td></tr><tr><td>Recipient.telecom (Telecom)</td><td><a href="http://hl7.org/fhir/extensions/5.2.0/CodeSystem-concept-map-equivalence.html#relatedto" title="relatedto">is related to</a></td><td>extension:information-recipient.ValueReference.practitioner.telecom</td><td>If ValueReference.resolve().ofType(PractitionerRole)</td></tr></table></div></text><url value="http://fhir.ehdsi.eu/laboratory/ConceptMap/recipient2FHIR-lab-myhealtheu"/><version value="0.0.1"/><name value="Recipient2FHIR"/><title value="MyHealth@EURecipient to this guide Map"/><status value="draft"/><experimental value="true"/><date value="2025-03-03T08:58:37+01:00"/><publisher value="SNS"/><contact><name value="SNS"/><telecom><system value="url"/><value value="https://sns.gob.es"/></telecom></contact><description value="MyHealth@EURecipient Model to this guide Map"/><purpose value="It shows how the Laboratory Report Recipient data set defined by the EU MyHealth@EUguidelines is mapped into this guide"/><sourceUri value="http://fhir.ehdsi.eu/laboratory/StructureDefinition/Recipient"/><targetUri value="http://hl7.eu/fhir/StructureDefinition/information-recipient"/><group><source value="http://fhir.ehdsi.eu/laboratory/StructureDefinition/Recipient"/><target value="http://hl7.eu/fhir/StructureDefinition/information-recipient"/><element><code value="Recipient.identifier"/><display value="Recipient identifier"/><target><code value="extension:information-recipient.valueReference.identifier"/><equivalence value="equivalent"/></target></element><element><code value="Recipient.name"/><display value="Recipient name"/><target><code value="extension:information-recipient.valueReference.name"/><equivalence value="equivalent"/></target></element><element><code value="Recipient.organization"/><display value="Recipient organization"/><target><code value="extension:information-recipient.valueReference"/><equivalence value="equivalent"/><comment value="ValueReference.resolve().ofType(Organization). If the recipient is an organization."/></target></element><element><code value="Recipient.organization"/><display value="Recipient organization"/><target><code value="extension:information-recipient.valueReference.organization"/><equivalence value="equivalent"/><comment value="ValueReference.resolve().ofType(PractitionerRole). If it is the organization the professional belong to"/></target></element><element><code value="Recipient.organization.name"/><display value="Organization Name"/><target><code value="extension:information-recipient.valueReference.name"/><equivalence value="equivalent"/><comment value="ValueReference.resolve().ofType(Organization). If the recipient is an organization."/></target></element><element><code value="Recipient.organization.address"/><display value="Organization Address"/><target><code value="extension:information-recipient.valueReference.address"/><equivalence value="equivalent"/><comment value="ValueReference.resolve().ofType(Organization). If the recipient is an organization."/></target></element><element><code value="Recipient.organization.telecom"/><display value="Organization telecom"/><target><code value="extension:information-recipient.valueReference.telecom"/><equivalence value="equivalent"/><comment value="ValueReference.resolve().ofType(Organization). If the recipient is an organization."/></target></element><element><code value="Recipient.organization.name"/><display value="Organization Name"/><target><code value="extension:information-recipient.valueReference.organization.name"/><equivalence value="equivalent"/><comment value="ValueReference.resolve().ofType(PractitionerRole). If it is the organization the professional belong to"/></target></element><element><code value="Recipient.organization.address"/><display value="Organization Address"/><target><code value="extension:information-recipient.valueReference.organization.address"/><equivalence value="equivalent"/><comment value="ValueReference.resolve().ofType(PractitionerRole). If it is the organization the professional belong to"/></target></element><element><code value="Recipient.organization.telecom"/><display value="Organization telecom"/><target><code value="extension:information-recipient.valueReference.organization.telecom"/><equivalence value="equivalent"/><comment value="ValueReference.resolve().ofType(PractitionerRole). If it is the organization the professional belong to"/></target></element><element><code value="Recipient.address"/><display value="Address"/><target><code value="extension:information-recipient.ValueReference.address"/><equivalence value="equivalent"/><comment value="If ValueReference.resolve().ofType(Practitioner) OR ValueReference.resolve().ofType(Patient)"/></target></element><element><code value="Recipient.country"/><display value="Country"/><target><code value="extension:information-recipient.ValueReference.address.country"/><equivalence value="equivalent"/><comment value="If ValueReference.resolve().ofType(Practitioner) OR ValueReference.resolve().ofType(Patient)"/></target></element><element><code value="Recipient.telecom"/><display value="Telecom"/><target><code value="extension:information-recipient.ValueReference.telecom"/><equivalence value="equivalent"/><comment value="If ValueReference.resolve().ofType(Practitioner) OR ValueReference.resolve().ofType(Patient)"/></target></element><element><code value="Recipient.address"/><display value="Address"/><target><code value="extension:information-recipient.ValueReference.practitioner.address"/><equivalence value="relatedto"/><comment value="If ValueReference.resolve().ofType(PractitionerRole)"/></target></element><element><code value="Recipient.country"/><display value="Country"/><target><code value="extension:information-recipient.ValueReference.practitioner.address.country"/><equivalence value="relatedto"/><comment value="If ValueReference.resolve().ofType(PractitionerRole)"/></target></element><element><code value="Recipient.telecom"/><display value="Telecom"/><target><code value="extension:information-recipient.ValueReference.practitioner.telecom"/><equivalence value="relatedto"/><comment value="If ValueReference.resolve().ofType(PractitionerRole)"/></target></element></group></ConceptMap>