<?xml version="1.0" encoding="UTF-8"?><ValueSet xmlns="http://hl7.org/fhir"><id value="eHDSILaboratoryReportTypes"/><text><status value="generated"/><div xmlns="http://www.w3.org/1999/xhtml"><p class="res-header-id"><b>Generated Narrative: ValueSet eHDSILaboratoryReportTypes</b></p><a name="eHDSILaboratoryReportTypes"> </a><a name="hceHDSILaboratoryReportTypes"> </a><a name="eHDSILaboratoryReportTypes-en-US"> </a><ul><li>Include these codes as defined in <a href="http://loinc.org"><code>http://loinc.org</code></a><table class="none"><tr><td style="white-space:nowrap"><b>Code</b></td><td><b>Display</b></td></tr><tr><td><a href="https://loinc.org/11502-2/">11502-2</a></td><td>Laboratory report</td></tr></table></li></ul></div></text><extension url="http://hl7.org/fhir/StructureDefinition/structuredefinition-fmm"><valueInteger value="1"/></extension><extension url="http://hl7.org/fhir/StructureDefinition/structuredefinition-standards-status"><valueCode value="draft"/></extension><url value="http://terminology.ehdsi.eu/ValueSet/eHDSILaboratoryReportTypes"/><identifier><system value="urn:ietf:rfc:3986"/><value value="urn:oid:1.3.6.1.4.1.12559.11.10.1.3.1.42.52"/></identifier><version value="0.0.1"/><name value="EHDSILaboratoryReportTypes"/><title value="eHDSI Laboratory Report Types"/><status value="draft"/><experimental value="false"/><date value="2025-03-03T08:58:37+01:00"/><publisher value="SNS"/><contact><name value="SNS"/><telecom><system value="url"/><value value="https://sns.gob.es"/></telecom></contact><description value="eHDSI Laboratory Report Types"/><copyright value="This material contains content from LOINC (http://loinc.org). LOINC is copyright © 1995-2020, Regenstrief Institute, Inc. and the Logical Observation Identifiers Names and Codes (LOINC) Committee and is available at no cost under the license at http://loinc.org/license. LOINC® is a registered United States trademark of Regenstrief Institute, Inc"/><compose><include><system value="http://loinc.org"/><concept><code value="11502-2"/><display value="Laboratory report"/></concept></include></compose></ValueSet>