<?xml version="1.0" encoding="UTF-8"?><ValueSet xmlns="http://hl7.org/fhir"><id value="eHDSILabTechnique"/><text><status value="generated"/><div xmlns="http://www.w3.org/1999/xhtml"><p class="res-header-id"><b>Generated Narrative: ValueSet eHDSILabTechnique</b></p><a name="eHDSILabTechnique"> </a><a name="hceHDSILabTechnique"> </a><a name="eHDSILabTechnique-en-US"> </a><ul><li>Include these codes as defined in <a href="http://www.snomed.org/"><code>http://snomed.info/sct</code></a><table class="none"><tr><td style="white-space:nowrap"><b>Code</b></td><td><b>Display</b></td></tr><tr><td><a href="http://snomed.info/id/702873001">702873001</a></td><td>Calculation technique</td></tr></table></li></ul></div></text><extension url="http://hl7.org/fhir/StructureDefinition/structuredefinition-fmm"><valueInteger value="1"/></extension><extension url="http://hl7.org/fhir/StructureDefinition/structuredefinition-standards-status"><valueCode value="draft"/></extension><url value="http://terminology.ehdsi.eu/ValueSet/eHDSILabTechnique"/><identifier><system value="urn:ietf:rfc:3986"/><value value="urn:oid:1.3.6.1.4.1.12559.11.10.1.3.1.42.79"/></identifier><version value="0.0.1"/><name value="EHDSILabTechnique"/><title value="eHDSI Laboratory Technique"/><status value="draft"/><experimental value="false"/><date value="2025-03-03T08:58:37+01:00"/><publisher value="SNS"/><contact><name value="SNS"/><telecom><system value="url"/><value value="https://sns.gob.es"/></telecom></contact><description value="This Value Set is used to encode laboratory technique for the result measurement"/><copyright value="This value set includes content from SNOMED CT, which is copyright © 2002+ International Health Terminology Standards Development Organisation (IHTSDO), and distributed by agreement between IHTSDO and HL7. Implementer use of SNOMED CT is not covered by this agreement"/><compose><include><system value="http://snomed.info/sct"/><concept><code value="702873001"/><display value="Calculation technique"/></concept></include></compose></ValueSet>