<?xml version="1.0" encoding="UTF-8"?><ValueSet xmlns="http://hl7.org/fhir"><id value="eHDSIBodyStructureLocation"/><text><status value="generated"/><div xmlns="http://www.w3.org/1999/xhtml"><p class="res-header-id"><b>Generated Narrative: ValueSet eHDSIBodyStructureLocation</b></p><a name="eHDSIBodyStructureLocation"> </a><a name="hceHDSIBodyStructureLocation"> </a><a name="eHDSIBodyStructureLocation-en-US"> </a><ul><li>Include these codes as defined in <a href="http://www.snomed.org/"><code>http://snomed.info/sct</code></a><table class="none"><tr><td style="white-space:nowrap"><b>Code</b></td><td><b>Display</b></td></tr><tr><td><a href="http://snomed.info/id/49370004">49370004</a></td><td>Lateral</td></tr><tr><td><a href="http://snomed.info/id/264217000">264217000</a></td><td>Superior</td></tr><tr><td><a href="http://snomed.info/id/261089000">261089000</a></td><td>Inferior</td></tr><tr><td><a href="http://snomed.info/id/255551008">255551008</a></td><td>Posterior</td></tr><tr><td><a href="http://snomed.info/id/7771000">7771000</a></td><td>Left</td></tr><tr><td><a href="http://snomed.info/id/24028007">24028007</a></td><td>Right</td></tr><tr><td><a href="http://snomed.info/id/261183002">261183002</a></td><td>Upper</td></tr><tr><td><a href="http://snomed.info/id/261122009">261122009</a></td><td>Lower</td></tr><tr><td><a href="http://snomed.info/id/255561001">255561001</a></td><td>Medial</td></tr><tr><td><a href="http://snomed.info/id/46053002">46053002</a></td><td>Distal</td></tr><tr><td><a href="http://snomed.info/id/40415009">40415009</a></td><td>Proximal</td></tr><tr><td><a href="http://snomed.info/id/255549009">255549009</a></td><td>Anterior</td></tr><tr><td><a href="http://snomed.info/id/26283006">26283006</a></td><td>Superficial</td></tr><tr><td><a href="http://snomed.info/id/795002">795002</a></td><td>Deep</td></tr><tr><td><a href="http://snomed.info/id/57195005">57195005</a></td><td>Basal</td></tr><tr><td><a href="http://snomed.info/id/3583002">3583002</a></td><td>Caudal</td></tr><tr><td><a href="http://snomed.info/id/66787007">66787007</a></td><td>Cephalic</td></tr></table></li></ul></div></text><extension url="http://hl7.org/fhir/StructureDefinition/structuredefinition-fmm"><valueInteger value="1"/></extension><extension url="http://hl7.org/fhir/StructureDefinition/structuredefinition-standards-status"><valueCode value="draft"/></extension><url value="http://terminology.ehdsi.eu/ValueSet/eHDSIBodyStructureLocation"/><identifier><system value="urn:ietf:rfc:3986"/><value value="urn:oid:1.3.6.1.4.1.12559.11.10.1.3.1.42.80"/></identifier><version value="0.0.1"/><name value="EHDSIBodyStructureLocation"/><title value="eHDSI Body Structure Location Qualifier"/><status value="draft"/><experimental value="false"/><date value="2025-03-03T08:58:37+01:00"/><publisher value="SNS"/><contact><name value="SNS"/><telecom><system value="url"/><value value="https://sns.gob.es"/></telecom></contact><description value="This Value Set is used for the body structure location qualifier. Concepts modifying the anatomic location."/><copyright value="This value set includes content from SNOMED CT, which is copyright © 2002+ International Health Terminology Standards Development Organisation (IHTSDO), and distributed by agreement between IHTSDO and HL7. Implementer use of SNOMED CT is not covered by this agreement"/><compose><include><system value="http://snomed.info/sct"/><concept><code value="49370004"/><display value="Lateral"/></concept><concept><code value="264217000"/><display value="Superior"/></concept><concept><code value="261089000"/><display value="Inferior"/></concept><concept><code value="255551008"/><display value="Posterior"/></concept><concept><code value="7771000"/><display value="Left"/></concept><concept><code value="24028007"/><display value="Right"/></concept><concept><code value="261183002"/><display value="Upper"/></concept><concept><code value="261122009"/><display value="Lower"/></concept><concept><code value="255561001"/><display value="Medial"/></concept><concept><code value="46053002"/><display value="Distal"/></concept><concept><code value="40415009"/><display value="Proximal"/></concept><concept><code value="255549009"/><display value="Anterior"/></concept><concept><code value="26283006"/><display value="Superficial"/></concept><concept><code value="795002"/><display value="Deep"/></concept><concept><code value="57195005"/><display value="Basal"/></concept><concept><code value="3583002"/><display value="Caudal"/></concept><concept><code value="66787007"/><display value="Cephalic"/></concept></include></compose></ValueSet>