<?xml version="1.0" encoding="UTF-8"?><ValueSet xmlns="http://hl7.org/fhir"><id value="eHDSICountry"/><text><status value="generated"/><div xmlns="http://www.w3.org/1999/xhtml"><p class="res-header-id"><b>Generated Narrative: ValueSet eHDSICountry</b></p><a name="eHDSICountry"> </a><a name="hceHDSICountry"> </a><a name="eHDSICountry-en-US"> </a><ul><li>Include these codes as defined in <a href="http://terminology.hl7.org/5.5.0/CodeSystem-ISO3166Part1.html"><code>urn:iso:std:iso:3166</code></a><table class="none"><tr><td style="white-space:nowrap"><b>Code</b></td><td><b>Display</b></td></tr><tr><td>AD</td><td>ANDORRA</td></tr><tr><td>AE</td><td>UNITED ARAB EMIRATES</td></tr><tr><td>AF</td><td>AFGHANISTAN</td></tr><tr><td>AG</td><td>ANTIGUA AND BARBUDA</td></tr><tr><td>AI</td><td>ANGUILLA</td></tr><tr><td>AL</td><td>ALBANIA</td></tr><tr><td>AM</td><td>ARMENIA</td></tr><tr><td>AO</td><td>ANGOLA</td></tr><tr><td>AQ</td><td>ANTARCTICA</td></tr><tr><td>AR</td><td>ARGENTINA</td></tr><tr><td>AS</td><td>AMERICAN SAMOA</td></tr><tr><td>AT</td><td>AUSTRIA</td></tr><tr><td>AU</td><td>AUSTRALIA</td></tr><tr><td>AW</td><td>ARUBA</td></tr><tr><td>AX</td><td>ÅLAND ISLANDS</td></tr><tr><td>AZ</td><td>AZERBAIJAN</td></tr><tr><td>BA</td><td>BOSNIA AND HERZEGOVINA</td></tr><tr><td>BB</td><td>BARBADOS</td></tr><tr><td>BD</td><td>BANGLADESH</td></tr><tr><td>BE</td><td>BELGIUM</td></tr><tr><td>BF</td><td>BURKINA FASO</td></tr><tr><td>BG</td><td>BULGARIA</td></tr><tr><td>BH</td><td>BAHRAIN</td></tr><tr><td>BI</td><td>BURUNDI</td></tr><tr><td>BJ</td><td>BENIN</td></tr><tr><td>BL</td><td>SAINT BARTHÉLEMY</td></tr><tr><td>BM</td><td>BERMUDA</td></tr><tr><td>BN</td><td>BRUNEI DARUSSALAM</td></tr><tr><td>BO</td><td>BOLIVIA (PLURINATIONAL STATE OF)</td></tr><tr><td>BQ</td><td>BONAIRE, SINT EUSTATIUS AND SABA</td></tr><tr><td>BR</td><td>BRAZIL</td></tr><tr><td>BS</td><td>BAHAMAS</td></tr><tr><td>BT</td><td>BHUTAN</td></tr><tr><td>BV</td><td>BOUVET ISLAND</td></tr><tr><td>BW</td><td>BOTSWANA</td></tr><tr><td>BY</td><td>BELARUS</td></tr><tr><td>BZ</td><td>BELIZE</td></tr><tr><td>CA</td><td>CANADA</td></tr><tr><td>CC</td><td>COCOS (KEELING) ISLANDS</td></tr><tr><td>CD</td><td>CONGO, DEMOCRATIC REPUBLIC OF</td></tr><tr><td>CF</td><td>CENTRAL AFRICAN REPUBLIC</td></tr><tr><td>CG</td><td>CONGO</td></tr><tr><td>CH</td><td>SWITZERLAND</td></tr><tr><td>CI</td><td>COTE D'IVOIRE</td></tr><tr><td>CK</td><td>COOK ISLANDS</td></tr><tr><td>CL</td><td>CHILE</td></tr><tr><td>CM</td><td>CAMEROON</td></tr><tr><td>CN</td><td>CHINA</td></tr><tr><td>CO</td><td>COLOMBIA</td></tr><tr><td>CR</td><td>COSTA RICA</td></tr><tr><td>CU</td><td>CUBA</td></tr><tr><td>CV</td><td>CAPE VERDE</td></tr><tr><td>CW</td><td>CURAÇAO</td></tr><tr><td>CX</td><td>CHRISTMAS ISLAND</td></tr><tr><td>CY</td><td>CYPRUS</td></tr><tr><td>CZ</td><td>CZECH REPUBLIC</td></tr><tr><td>DE</td><td>GERMANY</td></tr><tr><td>DJ</td><td>DJIBOUTI</td></tr><tr><td>DK</td><td>DENMARK</td></tr><tr><td>DM</td><td>DOMINICA</td></tr><tr><td>DO</td><td>DOMINICAN REPUBLIC</td></tr><tr><td>DZ</td><td>ALGERIA</td></tr><tr><td>EC</td><td>ECUADOR</td></tr><tr><td>EE</td><td>ESTONIA</td></tr><tr><td>EG</td><td>EGYPT</td></tr><tr><td>EH</td><td>WESTERN SAHARA</td></tr><tr><td>ER</td><td>ERITREA</td></tr><tr><td>ES</td><td>SPAIN</td></tr><tr><td>ET</td><td>ETHIOPIA</td></tr><tr><td>FI</td><td>FINLAND</td></tr><tr><td>FJ</td><td>FIJI</td></tr><tr><td>FK</td><td>FALKLAND ISLANDS (MALVINAS)</td></tr><tr><td>FM</td><td>MICRONESIA (FEDERATED STATES OF)</td></tr><tr><td>FO</td><td>FAROE ISLANDS</td></tr><tr><td>FR</td><td>FRANCE</td></tr><tr><td>GA</td><td>GABON</td></tr><tr><td>GB</td><td>UNITED KINGDOM OF GREAT BRITAIN AND NORTHERN IRELAND</td></tr><tr><td>GD</td><td>GRENADA</td></tr><tr><td>GE</td><td>GEORGIA</td></tr><tr><td>GF</td><td>FRENCH GUIANA</td></tr><tr><td>GG</td><td>GUERNSEY</td></tr><tr><td>GH</td><td>GHANA</td></tr><tr><td>GI</td><td>GIBRALTAR</td></tr><tr><td>GL</td><td>GREENLAND</td></tr><tr><td>GM</td><td>GAMBIA</td></tr><tr><td>GN</td><td>GUINEA</td></tr><tr><td>GP</td><td>GUADELOUPE</td></tr><tr><td>GQ</td><td>EQUATORIAL GUINEA</td></tr><tr><td>GR</td><td>GREECE</td></tr><tr><td>GS</td><td>SOUTH GEORGIA AND THE SOUTH SANDWICH ISLANDS</td></tr><tr><td>GT</td><td>GUATEMALA</td></tr><tr><td>GU</td><td>GUAM</td></tr><tr><td>GW</td><td>GUINEA-BISSAU</td></tr><tr><td>GY</td><td>GUYANA</td></tr><tr><td>HK</td><td>HONG KONG</td></tr><tr><td>HM</td><td>HEARD ISLAND AND MCDONALD ISLANDS</td></tr><tr><td>HN</td><td>HONDURAS</td></tr><tr><td>HR</td><td>CROATIA</td></tr><tr><td>HT</td><td>HAITI</td></tr><tr><td>HU</td><td>HUNGARY</td></tr><tr><td>ID</td><td>INDONESIA</td></tr><tr><td>IE</td><td>IRELAND</td></tr><tr><td>IL</td><td>ISRAEL</td></tr><tr><td>IM</td><td>ISLE OF MAN</td></tr><tr><td>IN</td><td>INDIA</td></tr><tr><td>IO</td><td>BRITISH INDIAN OCEAN TERRITORY</td></tr><tr><td>IQ</td><td>IRAQ</td></tr><tr><td>IR</td><td>IRAN (ISLAMIC REPUBLIC OF)</td></tr><tr><td>IS</td><td>ICELAND</td></tr><tr><td>IT</td><td>ITALY</td></tr><tr><td>JE</td><td>JERSEY</td></tr><tr><td>JM</td><td>JAMAICA</td></tr><tr><td>JO</td><td>JORDAN</td></tr><tr><td>JP</td><td>JAPAN</td></tr><tr><td>KE</td><td>KENYA</td></tr><tr><td>KG</td><td>KYRGYZSTAN</td></tr><tr><td>KH</td><td>CAMBODIA</td></tr><tr><td>KI</td><td>KIRIBATI</td></tr><tr><td>KM</td><td>COMOROS</td></tr><tr><td>KN</td><td>SAINT KITTS AND NEVIS</td></tr><tr><td>KP</td><td>KOREA (DEMOCRATIC PEOPLE'S REPUBLIC OF)</td></tr><tr><td>KR</td><td>KOREA, REPUBLIC OF</td></tr><tr><td>KW</td><td>KUWAIT</td></tr><tr><td>KY</td><td>CAYMAN ISLANDS</td></tr><tr><td>KZ</td><td>KAZAKHSTAN</td></tr><tr><td>LA</td><td>LAO PEOPLE'S DEMOCRATIC REPUBLIC</td></tr><tr><td>LB</td><td>LEBANON</td></tr><tr><td>LC</td><td>SAINT LUCIA</td></tr><tr><td>LI</td><td>LIECHTENSTEIN</td></tr><tr><td>LK</td><td>SRI LANKA</td></tr><tr><td>LR</td><td>LIBERIA</td></tr><tr><td>LS</td><td>LESOTHO</td></tr><tr><td>LT</td><td>LITHUANIA</td></tr><tr><td>LU</td><td>LUXEMBOURG</td></tr><tr><td>LV</td><td>LATVIA</td></tr><tr><td>LY</td><td>LIBYA</td></tr><tr><td>MA</td><td>MOROCCO</td></tr><tr><td>MC</td><td>MONACO</td></tr><tr><td>MD</td><td>MOLDOVA, REPUBLIC OF</td></tr><tr><td>ME</td><td>MONTENEGRO</td></tr><tr><td>MF</td><td>SAINT MARTIN (FRENCH PART)</td></tr><tr><td>MG</td><td>MADAGASCAR</td></tr><tr><td>MH</td><td>MARSHALL ISLANDS</td></tr><tr><td>MK</td><td>MACEDONIA, THE FORMER YUGOSLAV REPUBLIC OF</td></tr><tr><td>ML</td><td>MALI</td></tr><tr><td>MM</td><td>MYANMAR</td></tr><tr><td>MN</td><td>MONGOLIA</td></tr><tr><td>MO</td><td>MACAO</td></tr><tr><td>MP</td><td>NORTHERN MARIANA ISLANDS</td></tr><tr><td>MQ</td><td>MARTINIQUE</td></tr><tr><td>MR</td><td>MAURITANIA</td></tr><tr><td>MS</td><td>MONTSERRAT</td></tr><tr><td>MT</td><td>MALTA</td></tr><tr><td>MU</td><td>MAURITIUS</td></tr><tr><td>MV</td><td>MALDIVES</td></tr><tr><td>MW</td><td>MALAWI</td></tr><tr><td>MX</td><td>MEXICO</td></tr><tr><td>MY</td><td>MALAYSIA</td></tr><tr><td>MZ</td><td>MOZAMBIQUE</td></tr><tr><td>NA</td><td>NAMIBIA</td></tr><tr><td>NC</td><td>NEW CALEDONIA</td></tr><tr><td>NE</td><td>NIGER</td></tr><tr><td>NF</td><td>NORFOLK ISLAND</td></tr><tr><td>NG</td><td>NIGERIA</td></tr><tr><td>NI</td><td>NICARAGUA</td></tr><tr><td>NL</td><td>NETHERLANDS</td></tr><tr><td>NO</td><td>NORWAY</td></tr><tr><td>NP</td><td>NEPAL</td></tr><tr><td>NR</td><td>NAURU</td></tr><tr><td>NU</td><td>NIUE</td></tr><tr><td>NZ</td><td>NEW ZEALAND</td></tr><tr><td>OM</td><td>OMAN</td></tr><tr><td>PA</td><td>PANAMA</td></tr><tr><td>PE</td><td>PERU</td></tr><tr><td>PF</td><td>FRENCH POLYNESIA</td></tr><tr><td>PG</td><td>PAPUA NEW GUINEA</td></tr><tr><td>PH</td><td>PHILIPPINES</td></tr><tr><td>PK</td><td>PAKISTAN</td></tr><tr><td>PL</td><td>POLAND</td></tr><tr><td>PM</td><td>SAINT PIERRE AND MIQUELON</td></tr><tr><td>PN</td><td>PITCAIRN</td></tr><tr><td>PR</td><td>PUERTO RICO</td></tr><tr><td>PS</td><td>PALESTINE, STATE OF</td></tr><tr><td>PT</td><td>PORTUGAL</td></tr><tr><td>PW</td><td>PALAU</td></tr><tr><td>PY</td><td>PARAGUAY</td></tr><tr><td>QA</td><td>QATAR</td></tr><tr><td>RE</td><td>REUNION</td></tr><tr><td>RO</td><td>ROMANIA</td></tr><tr><td>RS</td><td>SERBIA</td></tr><tr><td>RU</td><td>RUSSIAN FEDERATION</td></tr><tr><td>RW</td><td>RWANDA</td></tr><tr><td>SA</td><td>SAUDI ARABIA</td></tr><tr><td>SB</td><td>SOLOMON ISLANDS</td></tr><tr><td>SC</td><td>SEYCHELLES</td></tr><tr><td>SD</td><td>SUDAN</td></tr><tr><td>SE</td><td>SWEDEN</td></tr><tr><td>SG</td><td>SINGAPORE</td></tr><tr><td>SH</td><td>SAINT HELENA, ASCENSION AND TRISTAN DA CUNHA</td></tr><tr><td>SI</td><td>SLOVENIA</td></tr><tr><td>SJ</td><td>SVALBARD AND JAN MAYEN</td></tr><tr><td>SK</td><td>SLOVAKIA</td></tr><tr><td>SL</td><td>SIERRA LEONE</td></tr><tr><td>SM</td><td>SAN MARINO</td></tr><tr><td>SN</td><td>SENEGAL</td></tr><tr><td>SO</td><td>SOMALIA</td></tr><tr><td>SR</td><td>SURINAME</td></tr><tr><td>SS</td><td>SOUTH SUDAN</td></tr><tr><td>ST</td><td>SAO TOME AND PRINCIPE</td></tr><tr><td>SV</td><td>EL SALVADOR</td></tr><tr><td>SX</td><td>SINT MAARTEN (DUTCH PART)</td></tr><tr><td>SY</td><td>SYRIAN ARAB REPUBLIC</td></tr><tr><td>SZ</td><td>SWAZILAND</td></tr><tr><td>TC</td><td>TURKS AND CAICOS ISLANDS</td></tr><tr><td>TD</td><td>CHAD</td></tr><tr><td>TF</td><td>FRENCH SOUTHERN TERRITORIES</td></tr><tr><td>TG</td><td>TOGO</td></tr><tr><td>TH</td><td>THAILAND</td></tr><tr><td>TJ</td><td>TAJIKISTAN</td></tr><tr><td>TK</td><td>TOKELAU</td></tr><tr><td>TL</td><td>TIMOR-LESTE</td></tr><tr><td>TM</td><td>TURKMENISTAN</td></tr><tr><td>TN</td><td>TUNISIA</td></tr><tr><td>TO</td><td>TONGA</td></tr><tr><td>TR</td><td>TURKEY</td></tr><tr><td>TT</td><td>TRINIDAD AND TOBAGO</td></tr><tr><td>TV</td><td>TUVALU</td></tr><tr><td>TW</td><td>TAIWAN, PROVINCE OF CHINA</td></tr><tr><td>TZ</td><td>TANZANIA, UNITED REPUBLIC OF</td></tr><tr><td>UA</td><td>UKRAINE</td></tr><tr><td>UG</td><td>UGANDA</td></tr><tr><td>UM</td><td>UNITED STATES MINOR OUTLYING ISLANDS</td></tr><tr><td>US</td><td>UNITED STATES OF AMERICA</td></tr><tr><td>UY</td><td>URUGUAY</td></tr><tr><td>UZ</td><td>UZBEKISTAN</td></tr><tr><td>VA</td><td>HOLY SEE</td></tr><tr><td>VC</td><td>SAINT VINCENT AND THE GRENADINES</td></tr><tr><td>VE</td><td>VENEZUELA (BOLIVARIAN REPUBLIC OF)</td></tr><tr><td>VG</td><td>VIRGIN ISLANDS, BRITISH</td></tr><tr><td>VI</td><td>VIRGIN ISLANDS, U.S.</td></tr><tr><td>VN</td><td>VIET NAM</td></tr><tr><td>VU</td><td>VANUATU</td></tr><tr><td>WF</td><td>WALLIS AND FUTUNA</td></tr><tr><td>WS</td><td>SAMOA</td></tr><tr><td>YE</td><td>YEMEN</td></tr><tr><td>YT</td><td>MAYOTTE</td></tr><tr><td>ZA</td><td>SOUTH AFRICA</td></tr><tr><td>ZM</td><td>ZAMBIA</td></tr><tr><td>ZW</td><td>ZIMBABWE</td></tr></table></li></ul></div></text><url value="http://terminology.ehdsi.eu/ValueSet/eHDSICountry"/><version value="0.0.1"/><name value="EHDSICountry"/><title value="eHDSI Country"/><status value="draft"/><experimental value="false"/><date value="2025-03-03T08:58:37+01:00"/><publisher value="SNS"/><contact><name value="SNS"/><telecom><system value="url"/><value value="https://sns.gob.es"/></telecom></contact><description value="The Value Set is used to identify the nationality of all persons and organizations."/><compose><include><system value="urn:iso:std:iso:3166"/><concept><code value="AD"/><display value="ANDORRA"/></concept><concept><code value="AE"/><display value="UNITED ARAB EMIRATES"/></concept><concept><code value="AF"/><display value="AFGHANISTAN"/></concept><concept><code value="AG"/><display value="ANTIGUA AND BARBUDA"/></concept><concept><code value="AI"/><display value="ANGUILLA"/></concept><concept><code value="AL"/><display value="ALBANIA"/></concept><concept><code value="AM"/><display value="ARMENIA"/></concept><concept><code value="AO"/><display value="ANGOLA"/></concept><concept><code value="AQ"/><display value="ANTARCTICA"/></concept><concept><code value="AR"/><display value="ARGENTINA"/></concept><concept><code value="AS"/><display value="AMERICAN SAMOA"/></concept><concept><code value="AT"/><display value="AUSTRIA"/></concept><concept><code value="AU"/><display value="AUSTRALIA"/></concept><concept><code value="AW"/><display value="ARUBA"/></concept><concept><code value="AX"/><display value="ÅLAND ISLANDS"/></concept><concept><code value="AZ"/><display value="AZERBAIJAN"/></concept><concept><code value="BA"/><display value="BOSNIA AND HERZEGOVINA"/></concept><concept><code value="BB"/><display value="BARBADOS"/></concept><concept><code value="BD"/><display value="BANGLADESH"/></concept><concept><code value="BE"/><display value="BELGIUM"/></concept><concept><code value="BF"/><display value="BURKINA FASO"/></concept><concept><code value="BG"/><display value="BULGARIA"/></concept><concept><code value="BH"/><display value="BAHRAIN"/></concept><concept><code value="BI"/><display value="BURUNDI"/></concept><concept><code value="BJ"/><display value="BENIN"/></concept><concept><code value="BL"/><display value="SAINT BARTHÉLEMY"/></concept><concept><code value="BM"/><display value="BERMUDA"/></concept><concept><code value="BN"/><display value="BRUNEI DARUSSALAM"/></concept><concept><code value="BO"/><display value="BOLIVIA (PLURINATIONAL STATE OF)"/></concept><concept><code value="BQ"/><display value="BONAIRE, SINT EUSTATIUS AND SABA"/></concept><concept><code value="BR"/><display value="BRAZIL"/></concept><concept><code value="BS"/><display value="BAHAMAS"/></concept><concept><code value="BT"/><display value="BHUTAN"/></concept><concept><code value="BV"/><display value="BOUVET ISLAND"/></concept><concept><code value="BW"/><display value="BOTSWANA"/></concept><concept><code value="BY"/><display value="BELARUS"/></concept><concept><code value="BZ"/><display value="BELIZE"/></concept><concept><code value="CA"/><display value="CANADA"/></concept><concept><code value="CC"/><display value="COCOS (KEELING) ISLANDS"/></concept><concept><code value="CD"/><display value="CONGO, DEMOCRATIC REPUBLIC OF"/></concept><concept><code value="CF"/><display value="CENTRAL AFRICAN REPUBLIC"/></concept><concept><code value="CG"/><display value="CONGO"/></concept><concept><code value="CH"/><display value="SWITZERLAND"/></concept><concept><code value="CI"/><display value="COTE D'IVOIRE"/></concept><concept><code value="CK"/><display value="COOK ISLANDS"/></concept><concept><code value="CL"/><display value="CHILE"/></concept><concept><code value="CM"/><display value="CAMEROON"/></concept><concept><code value="CN"/><display value="CHINA"/></concept><concept><code value="CO"/><display value="COLOMBIA"/></concept><concept><code value="CR"/><display value="COSTA RICA"/></concept><concept><code value="CU"/><display value="CUBA"/></concept><concept><code value="CV"/><display value="CAPE VERDE"/></concept><concept><code value="CW"/><display value="CURAÇAO"/></concept><concept><code value="CX"/><display value="CHRISTMAS ISLAND"/></concept><concept><code value="CY"/><display value="CYPRUS"/></concept><concept><code value="CZ"/><display value="CZECH REPUBLIC"/></concept><concept><code value="DE"/><display value="GERMANY"/></concept><concept><code value="DJ"/><display value="DJIBOUTI"/></concept><concept><code value="DK"/><display value="DENMARK"/></concept><concept><code value="DM"/><display value="DOMINICA"/></concept><concept><code value="DO"/><display value="DOMINICAN REPUBLIC"/></concept><concept><code value="DZ"/><display value="ALGERIA"/></concept><concept><code value="EC"/><display value="ECUADOR"/></concept><concept><code value="EE"/><display value="ESTONIA"/></concept><concept><code value="EG"/><display value="EGYPT"/></concept><concept><code value="EH"/><display value="WESTERN SAHARA"/></concept><concept><code value="ER"/><display value="ERITREA"/></concept><concept><code value="ES"/><display value="SPAIN"/></concept><concept><code value="ET"/><display value="ETHIOPIA"/></concept><concept><code value="FI"/><display value="FINLAND"/></concept><concept><code value="FJ"/><display value="FIJI"/></concept><concept><code value="FK"/><display value="FALKLAND ISLANDS (MALVINAS)"/></concept><concept><code value="FM"/><display value="MICRONESIA (FEDERATED STATES OF)"/></concept><concept><code value="FO"/><display value="FAROE ISLANDS"/></concept><concept><code value="FR"/><display value="FRANCE"/></concept><concept><code value="GA"/><display value="GABON"/></concept><concept><code value="GB"/><display value="UNITED KINGDOM OF GREAT BRITAIN AND NORTHERN IRELAND"/></concept><concept><code value="GD"/><display value="GRENADA"/></concept><concept><code value="GE"/><display value="GEORGIA"/></concept><concept><code value="GF"/><display value="FRENCH GUIANA"/></concept><concept><code value="GG"/><display value="GUERNSEY"/></concept><concept><code value="GH"/><display value="GHANA"/></concept><concept><code value="GI"/><display value="GIBRALTAR"/></concept><concept><code value="GL"/><display value="GREENLAND"/></concept><concept><code value="GM"/><display value="GAMBIA"/></concept><concept><code value="GN"/><display value="GUINEA"/></concept><concept><code value="GP"/><display value="GUADELOUPE"/></concept><concept><code value="GQ"/><display value="EQUATORIAL GUINEA"/></concept><concept><code value="GR"/><display value="GREECE"/></concept><concept><code value="GS"/><display value="SOUTH GEORGIA AND THE SOUTH SANDWICH ISLANDS"/></concept><concept><code value="GT"/><display value="GUATEMALA"/></concept><concept><code value="GU"/><display value="GUAM"/></concept><concept><code value="GW"/><display value="GUINEA-BISSAU"/></concept><concept><code value="GY"/><display value="GUYANA"/></concept><concept><code value="HK"/><display value="HONG KONG"/></concept><concept><code value="HM"/><display value="HEARD ISLAND AND MCDONALD ISLANDS"/></concept><concept><code value="HN"/><display value="HONDURAS"/></concept><concept><code value="HR"/><display value="CROATIA"/></concept><concept><code value="HT"/><display value="HAITI"/></concept><concept><code value="HU"/><display value="HUNGARY"/></concept><concept><code value="ID"/><display value="INDONESIA"/></concept><concept><code value="IE"/><display value="IRELAND"/></concept><concept><code value="IL"/><display value="ISRAEL"/></concept><concept><code value="IM"/><display value="ISLE OF MAN"/></concept><concept><code value="IN"/><display value="INDIA"/></concept><concept><code value="IO"/><display value="BRITISH INDIAN OCEAN TERRITORY"/></concept><concept><code value="IQ"/><display value="IRAQ"/></concept><concept><code value="IR"/><display value="IRAN (ISLAMIC REPUBLIC OF)"/></concept><concept><code value="IS"/><display value="ICELAND"/></concept><concept><code value="IT"/><display value="ITALY"/></concept><concept><code value="JE"/><display value="JERSEY"/></concept><concept><code value="JM"/><display value="JAMAICA"/></concept><concept><code value="JO"/><display value="JORDAN"/></concept><concept><code value="JP"/><display value="JAPAN"/></concept><concept><code value="KE"/><display value="KENYA"/></concept><concept><code value="KG"/><display value="KYRGYZSTAN"/></concept><concept><code value="KH"/><display value="CAMBODIA"/></concept><concept><code value="KI"/><display value="KIRIBATI"/></concept><concept><code value="KM"/><display value="COMOROS"/></concept><concept><code value="KN"/><display value="SAINT KITTS AND NEVIS"/></concept><concept><code value="KP"/><display value="KOREA (DEMOCRATIC PEOPLE'S REPUBLIC OF)"/></concept><concept><code value="KR"/><display value="KOREA, REPUBLIC OF"/></concept><concept><code value="KW"/><display value="KUWAIT"/></concept><concept><code value="KY"/><display value="CAYMAN ISLANDS"/></concept><concept><code value="KZ"/><display value="KAZAKHSTAN"/></concept><concept><code value="LA"/><display value="LAO PEOPLE'S DEMOCRATIC REPUBLIC"/></concept><concept><code value="LB"/><display value="LEBANON"/></concept><concept><code value="LC"/><display value="SAINT LUCIA"/></concept><concept><code value="LI"/><display value="LIECHTENSTEIN"/></concept><concept><code value="LK"/><display value="SRI LANKA"/></concept><concept><code value="LR"/><display value="LIBERIA"/></concept><concept><code value="LS"/><display value="LESOTHO"/></concept><concept><code value="LT"/><display value="LITHUANIA"/></concept><concept><code value="LU"/><display value="LUXEMBOURG"/></concept><concept><code value="LV"/><display value="LATVIA"/></concept><concept><code value="LY"/><display value="LIBYA"/></concept><concept><code value="MA"/><display value="MOROCCO"/></concept><concept><code value="MC"/><display value="MONACO"/></concept><concept><code value="MD"/><display value="MOLDOVA, REPUBLIC OF"/></concept><concept><code value="ME"/><display value="MONTENEGRO"/></concept><concept><code value="MF"/><display value="SAINT MARTIN (FRENCH PART)"/></concept><concept><code value="MG"/><display value="MADAGASCAR"/></concept><concept><code value="MH"/><display value="MARSHALL ISLANDS"/></concept><concept><code value="MK"/><display value="MACEDONIA, THE FORMER YUGOSLAV REPUBLIC OF"/></concept><concept><code value="ML"/><display value="MALI"/></concept><concept><code value="MM"/><display value="MYANMAR"/></concept><concept><code value="MN"/><display value="MONGOLIA"/></concept><concept><code value="MO"/><display value="MACAO"/></concept><concept><code value="MP"/><display value="NORTHERN MARIANA ISLANDS"/></concept><concept><code value="MQ"/><display value="MARTINIQUE"/></concept><concept><code value="MR"/><display value="MAURITANIA"/></concept><concept><code value="MS"/><display value="MONTSERRAT"/></concept><concept><code value="MT"/><display value="MALTA"/></concept><concept><code value="MU"/><display value="MAURITIUS"/></concept><concept><code value="MV"/><display value="MALDIVES"/></concept><concept><code value="MW"/><display value="MALAWI"/></concept><concept><code value="MX"/><display value="MEXICO"/></concept><concept><code value="MY"/><display value="MALAYSIA"/></concept><concept><code value="MZ"/><display value="MOZAMBIQUE"/></concept><concept><code value="NA"/><display value="NAMIBIA"/></concept><concept><code value="NC"/><display value="NEW CALEDONIA"/></concept><concept><code value="NE"/><display value="NIGER"/></concept><concept><code value="NF"/><display value="NORFOLK ISLAND"/></concept><concept><code value="NG"/><display value="NIGERIA"/></concept><concept><code value="NI"/><display value="NICARAGUA"/></concept><concept><code value="NL"/><display value="NETHERLANDS"/></concept><concept><code value="NO"/><display value="NORWAY"/></concept><concept><code value="NP"/><display value="NEPAL"/></concept><concept><code value="NR"/><display value="NAURU"/></concept><concept><code value="NU"/><display value="NIUE"/></concept><concept><code value="NZ"/><display value="NEW ZEALAND"/></concept><concept><code value="OM"/><display value="OMAN"/></concept><concept><code value="PA"/><display value="PANAMA"/></concept><concept><code value="PE"/><display value="PERU"/></concept><concept><code value="PF"/><display value="FRENCH POLYNESIA"/></concept><concept><code value="PG"/><display value="PAPUA NEW GUINEA"/></concept><concept><code value="PH"/><display value="PHILIPPINES"/></concept><concept><code value="PK"/><display value="PAKISTAN"/></concept><concept><code value="PL"/><display value="POLAND"/></concept><concept><code value="PM"/><display value="SAINT PIERRE AND MIQUELON"/></concept><concept><code value="PN"/><display value="PITCAIRN"/></concept><concept><code value="PR"/><display value="PUERTO RICO"/></concept><concept><code value="PS"/><display value="PALESTINE, STATE OF"/></concept><concept><code value="PT"/><display value="PORTUGAL"/></concept><concept><code value="PW"/><display value="PALAU"/></concept><concept><code value="PY"/><display value="PARAGUAY"/></concept><concept><code value="QA"/><display value="QATAR"/></concept><concept><code value="RE"/><display value="REUNION"/></concept><concept><code value="RO"/><display value="ROMANIA"/></concept><concept><code value="RS"/><display value="SERBIA"/></concept><concept><code value="RU"/><display value="RUSSIAN FEDERATION"/></concept><concept><code value="RW"/><display value="RWANDA"/></concept><concept><code value="SA"/><display value="SAUDI ARABIA"/></concept><concept><code value="SB"/><display value="SOLOMON ISLANDS"/></concept><concept><code value="SC"/><display value="SEYCHELLES"/></concept><concept><code value="SD"/><display value="SUDAN"/></concept><concept><code value="SE"/><display value="SWEDEN"/></concept><concept><code value="SG"/><display value="SINGAPORE"/></concept><concept><code value="SH"/><display value="SAINT HELENA, ASCENSION AND TRISTAN DA CUNHA"/></concept><concept><code value="SI"/><display value="SLOVENIA"/></concept><concept><code value="SJ"/><display value="SVALBARD AND JAN MAYEN"/></concept><concept><code value="SK"/><display value="SLOVAKIA"/></concept><concept><code value="SL"/><display value="SIERRA LEONE"/></concept><concept><code value="SM"/><display value="SAN MARINO"/></concept><concept><code value="SN"/><display value="SENEGAL"/></concept><concept><code value="SO"/><display value="SOMALIA"/></concept><concept><code value="SR"/><display value="SURINAME"/></concept><concept><code value="SS"/><display value="SOUTH SUDAN"/></concept><concept><code value="ST"/><display value="SAO TOME AND PRINCIPE"/></concept><concept><code value="SV"/><display value="EL SALVADOR"/></concept><concept><code value="SX"/><display value="SINT MAARTEN (DUTCH PART)"/></concept><concept><code value="SY"/><display value="SYRIAN ARAB REPUBLIC"/></concept><concept><code value="SZ"/><display value="SWAZILAND"/></concept><concept><code value="TC"/><display value="TURKS AND CAICOS ISLANDS"/></concept><concept><code value="TD"/><display value="CHAD"/></concept><concept><code value="TF"/><display value="FRENCH SOUTHERN TERRITORIES"/></concept><concept><code value="TG"/><display value="TOGO"/></concept><concept><code value="TH"/><display value="THAILAND"/></concept><concept><code value="TJ"/><display value="TAJIKISTAN"/></concept><concept><code value="TK"/><display value="TOKELAU"/></concept><concept><code value="TL"/><display value="TIMOR-LESTE"/></concept><concept><code value="TM"/><display value="TURKMENISTAN"/></concept><concept><code value="TN"/><display value="TUNISIA"/></concept><concept><code value="TO"/><display value="TONGA"/></concept><concept><code value="TR"/><display value="TURKEY"/></concept><concept><code value="TT"/><display value="TRINIDAD AND TOBAGO"/></concept><concept><code value="TV"/><display value="TUVALU"/></concept><concept><code value="TW"/><display value="TAIWAN, PROVINCE OF CHINA"/></concept><concept><code value="TZ"/><display value="TANZANIA, UNITED REPUBLIC OF"/></concept><concept><code value="UA"/><display value="UKRAINE"/></concept><concept><code value="UG"/><display value="UGANDA"/></concept><concept><code value="UM"/><display value="UNITED STATES MINOR OUTLYING ISLANDS"/></concept><concept><code value="US"/><display value="UNITED STATES OF AMERICA"/></concept><concept><code value="UY"/><display value="URUGUAY"/></concept><concept><code value="UZ"/><display value="UZBEKISTAN"/></concept><concept><code value="VA"/><display value="HOLY SEE"/></concept><concept><code value="VC"/><display value="SAINT VINCENT AND THE GRENADINES"/></concept><concept><code value="VE"/><display value="VENEZUELA (BOLIVARIAN REPUBLIC OF)"/></concept><concept><code value="VG"/><display value="VIRGIN ISLANDS, BRITISH"/></concept><concept><code value="VI"/><display value="VIRGIN ISLANDS, U.S."/></concept><concept><code value="VN"/><display value="VIET NAM"/></concept><concept><code value="VU"/><display value="VANUATU"/></concept><concept><code value="WF"/><display value="WALLIS AND FUTUNA"/></concept><concept><code value="WS"/><display value="SAMOA"/></concept><concept><code value="YE"/><display value="YEMEN"/></concept><concept><code value="YT"/><display value="MAYOTTE"/></concept><concept><code value="ZA"/><display value="SOUTH AFRICA"/></concept><concept><code value="ZM"/><display value="ZAMBIA"/></concept><concept><code value="ZW"/><display value="ZIMBABWE"/></concept></include></compose></ValueSet>