<?xml version="1.0" encoding="UTF-8"?><ValueSet xmlns="http://hl7.org/fhir"><id value="eHDSILabCode"/><text><status value="generated"/><div xmlns="http://www.w3.org/1999/xhtml"><p class="res-header-id"><b>Generated Narrative: ValueSet eHDSILabCode</b></p><a name="eHDSILabCode"> </a><a name="hceHDSILabCode"> </a><a name="eHDSILabCode-en-US"> </a><ul><li>Include codes from<a href="http://loinc.org"><code>http://loinc.org</code></a> where CLASSTYPE  = 1 and STATUS  = ACTIVE</li></ul></div></text><extension url="http://hl7.org/fhir/StructureDefinition/structuredefinition-fmm"><valueInteger value="1"/></extension><extension url="http://hl7.org/fhir/StructureDefinition/structuredefinition-standards-status"><valueCode value="draft"/></extension><url value="http://terminology.ehdsi.eu/ValueSet/eHDSILabCode"/><identifier><system value="urn:ietf:rfc:3986"/><value value="urn:oid:1.3.6.1.4.1.12559.11.10.1.3.1.42.70"/></identifier><version value="0.0.1"/><name value="EHDSILabCode"/><title value="eHDSI Laboratory Codes"/><status value="draft"/><experimental value="false"/><date value="2025-03-03T08:58:37+01:00"/><publisher value="SNS"/><contact><name value="SNS"/><telecom><system value="url"/><value value="https://sns.gob.es"/></telecom></contact><description value="This Value Set is used for the standard laboratory codes"/><copyright value="This material contains content from LOINC (http://loinc.org). LOINC is copyright © 1995-2020, Regenstrief Institute, Inc. and the Logical Observation Identifiers Names and Codes (LOINC) Committee and is available at no cost under the license at http://loinc.org/license. LOINC® is a registered United States trademark of Regenstrief Institute, Inc"/><compose><include><system value="http://loinc.org"/><filter><property value="CLASSTYPE"/><op value="="/><value value="1"/></filter><filter><property value="STATUS"/><op value="="/><value value="ACTIVE"/></filter></include></compose></ValueSet>