<?xml version="1.0" encoding="UTF-8"?><ValueSet xmlns="http://hl7.org/fhir"><id value="eHDSIReferenceRangeAppliesToWithExceptions"/><text><status value="generated"/><div xmlns="http://www.w3.org/1999/xhtml"><p class="res-header-id"><b>Generated Narrative: ValueSet eHDSIReferenceRangeAppliesToWithExceptions</b></p><a name="eHDSIReferenceRangeAppliesToWithExceptions"> </a><a name="hceHDSIReferenceRangeAppliesToWithExceptions"> </a><a name="eHDSIReferenceRangeAppliesToWithExceptions-en-US"> </a><p>This value set includes codes based on the following rules:</p><ul><li>Import all the codes that are contained in <a href="ValueSet-eHDSIExceptionalValue.html">eHDSI Exceptional Value</a></li><li>Import all the codes that are contained in <a href="ValueSet-eHDSIReferenceRangeAppliesTo.html">eHDSI Reference Range Applies To</a></li></ul></div></text><extension url="http://hl7.org/fhir/StructureDefinition/structuredefinition-fmm"><valueInteger value="1"/></extension><extension url="http://hl7.org/fhir/StructureDefinition/structuredefinition-standards-status"><valueCode value="draft"/></extension><url value="http://fhir.ehdsi.eu/laboratory/ValueSet/eHDSIReferenceRangeAppliesToWithExceptions"/><version value="0.0.1"/><name value="EHDSIReferenceRangeAppliesToWithExceptions"/><title value="eHDSI Reference Range Applies To with exceptions"/><status value="draft"/><experimental value="false"/><date value="2025-03-03T08:58:37+01:00"/><publisher value="SNS"/><contact><name value="SNS"/><telecom><system value="url"/><value value="https://sns.gob.es"/></telecom></contact><description value="This value set defines a set of codes that can be used to indicate the particular target population the reference range applies to. It also includes exceptional values."/><compose><include><valueSet value="http://terminology.ehdsi.eu/ValueSet/eHDSIExceptionalValue"/></include><include><valueSet value="http://terminology.ehdsi.eu/ValueSet/eHDSIReferenceRangeAppliesTo"/></include></compose></ValueSet>