<?xml version="1.0" encoding="UTF-8"?><ValueSet xmlns="http://hl7.org/fhir"><id value="eHDSIAnimalSpecies"/><text><status value="generated"/><div xmlns="http://www.w3.org/1999/xhtml"><p class="res-header-id"><b>Generated Narrative: ValueSet eHDSIAnimalSpecies</b></p><a name="eHDSIAnimalSpecies"> </a><a name="hceHDSIAnimalSpecies"> </a><a name="eHDSIAnimalSpecies-en-US"> </a><ul><li>Include these codes as defined in <a href="http://www.snomed.org/"><code>http://snomed.info/sct</code></a><table class="none"><tr><td style="white-space:nowrap"><b>Code</b></td><td><b>Display</b></td></tr><tr><td><a href="http://snomed.info/id/125097000">125097000</a></td><td>Capra hircus</td></tr><tr><td><a href="http://snomed.info/id/125099002">125099002</a></td><td>Ovis aries</td></tr><tr><td><a href="http://snomed.info/id/34618005">34618005</a></td><td>Bos taurus</td></tr><tr><td><a href="http://snomed.info/id/388445009">388445009</a></td><td>Equus</td></tr><tr><td><a href="http://snomed.info/id/125076001">125076001</a></td><td>Domestic Guinea pig</td></tr><tr><td><a href="http://snomed.info/id/448169003">448169003</a></td><td>Domestic cat</td></tr><tr><td><a href="http://snomed.info/id/448771007">448771007</a></td><td>Domestic dog</td></tr></table></li></ul></div></text><extension url="http://hl7.org/fhir/StructureDefinition/structuredefinition-fmm"><valueInteger value="1"/></extension><extension url="http://hl7.org/fhir/StructureDefinition/structuredefinition-standards-status"><valueCode value="draft"/></extension><url value="http://terminology.ehdsi.eu/ValueSet/eHDSIAnimalSpecies"/><identifier><system value="urn:ietf:rfc:3986"/><value value="urn:oid:1.3.6.1.4.1.12559.11.10.1.3.1.42.72"/></identifier><version value="0.0.1"/><name value="EHDSIAnimalSpecies"/><title value="eHDSI Animal Species"/><status value="draft"/><experimental value="false"/><date value="2025-03-03T08:58:37+01:00"/><publisher value="SNS"/><contact><name value="SNS"/><telecom><system value="url"/><value value="https://sns.gob.es"/></telecom></contact><description value="The Value Set is used to code the animal species of specimen subject (animal of the patient)"/><copyright value="This value set includes content from SNOMED CT, which is copyright © 2002+ International Health Terminology Standards Development Organisation (IHTSDO), and distributed by agreement between IHTSDO and HL7. Implementer use of SNOMED CT is not covered by this agreement"/><compose><include><system value="http://snomed.info/sct"/><concept><code value="125097000"/><display value="Capra hircus"/></concept><concept><code value="125099002"/><display value="Ovis aries"/></concept><concept><code value="34618005"/><display value="Bos taurus"/></concept><concept><code value="388445009"/><display value="Equus"/></concept><concept><code value="125076001"/><display value="Domestic Guinea pig"/></concept><concept><code value="448169003"/><display value="Domestic cat"/></concept><concept><code value="448771007"/><display value="Domestic dog"/></concept></include></compose></ValueSet>