<?xml version="1.0" encoding="UTF-8"?><ValueSet xmlns="http://hl7.org/fhir"><id value="eHDSIBodySiteLaterality"/><text><status value="generated"/><div xmlns="http://www.w3.org/1999/xhtml"><p class="res-header-id"><b>Generated Narrative: ValueSet eHDSIBodySiteLaterality</b></p><a name="eHDSIBodySiteLaterality"> </a><a name="hceHDSIBodySiteLaterality"> </a><a name="eHDSIBodySiteLaterality-en-US"> </a><ul><li>Include these codes as defined in <a href="http://www.snomed.org/"><code>http://snomed.info/sct</code></a><table class="none"><tr><td style="white-space:nowrap"><b>Code</b></td><td><b>Display</b></td></tr><tr><td><a href="http://snomed.info/id/7771000">7771000</a></td><td>Left</td></tr><tr><td><a href="http://snomed.info/id/24028007">24028007</a></td><td>Right</td></tr><tr><td><a href="http://snomed.info/id/51440002">51440002</a></td><td>Right and left</td></tr></table></li></ul></div></text><extension url="http://hl7.org/fhir/StructureDefinition/structuredefinition-fmm"><valueInteger value="1"/></extension><extension url="http://hl7.org/fhir/StructureDefinition/structuredefinition-standards-status"><valueCode value="draft"/></extension><url value="http://terminology.ehdsi.eu/ValueSet/eHDSIBodySiteLaterality"/><identifier><system value="urn:ietf:rfc:3986"/><value value="urn:oid:1.3.6.1.4.1.12559.11.10.1.3.1.42.68"/></identifier><version value="0.0.1"/><name value="EHDSIBodySiteLaterality"/><title value="eHDSI Body Site Laterality"/><status value="draft"/><experimental value="false"/><date value="2025-03-03T08:58:37+01:00"/><publisher value="SNS"/><contact><name value="SNS"/><telecom><system value="url"/><value value="https://sns.gob.es"/></telecom></contact><description value="This Value Set is used for the body structure site laterality qualifier. It indicates the body site laterality from which a laboratory specimen is collected."/><copyright value="This value set includes content from SNOMED CT, which is copyright © 2002+ International Health Terminology Standards Development Organisation (IHTSDO), and distributed by agreement between IHTSDO and HL7. Implementer use of SNOMED CT is not covered by this agreement"/><compose><include><system value="http://snomed.info/sct"/><concept><code value="7771000"/><display value="Left"/></concept><concept><code value="24028007"/><display value="Right"/></concept><concept><code value="51440002"/><display value="Right and left"/></concept></include></compose></ValueSet>