<?xml version="1.0" encoding="UTF-8"?><ValueSet xmlns="http://hl7.org/fhir"><id value="eHDSIBloodGroup"/><text><status value="generated"/><div xmlns="http://www.w3.org/1999/xhtml"><p class="res-header-id"><b>Generated Narrative: ValueSet eHDSIBloodGroup</b></p><a name="eHDSIBloodGroup"> </a><a name="hceHDSIBloodGroup"> </a><a name="eHDSIBloodGroup-en-US"> </a><ul><li>Include these codes as defined in <a href="http://www.snomed.org/"><code>http://snomed.info/sct</code></a><table class="none"><tr><td style="white-space:nowrap"><b>Code</b></td><td><b>Display</b></td></tr><tr><td><a href="http://snomed.info/id/112144000">112144000</a></td><td>Blood group A</td></tr><tr><td><a href="http://snomed.info/id/278152006">278152006</a></td><td>Blood group A Rh(D) negative</td></tr><tr><td><a href="http://snomed.info/id/278149003">278149003</a></td><td>Blood group A Rh(D) positive</td></tr><tr><td><a href="http://snomed.info/id/165743006">165743006</a></td><td>Blood group AB</td></tr><tr><td><a href="http://snomed.info/id/278154007">278154007</a></td><td>Blood group AB Rh(D) negative</td></tr><tr><td><a href="http://snomed.info/id/278151004">278151004</a></td><td>Blood group AB Rh(D) positive</td></tr><tr><td><a href="http://snomed.info/id/112149005">112149005</a></td><td>Blood group B</td></tr><tr><td><a href="http://snomed.info/id/278153001">278153001</a></td><td>Blood group B Rh(D) negative</td></tr><tr><td><a href="http://snomed.info/id/278150003">278150003</a></td><td>Blood group B Rh(D) positive</td></tr><tr><td><a href="http://snomed.info/id/58460004">58460004</a></td><td>Blood group O</td></tr><tr><td><a href="http://snomed.info/id/278148006">278148006</a></td><td>Blood group O Rh(D) negative</td></tr><tr><td><a href="http://snomed.info/id/278147001">278147001</a></td><td>Blood group O Rh(D) positive</td></tr></table></li></ul></div></text><extension url="http://hl7.org/fhir/StructureDefinition/structuredefinition-fmm"><valueInteger value="1"/></extension><extension url="http://hl7.org/fhir/StructureDefinition/structuredefinition-standards-status"><valueCode value="draft"/></extension><url value="http://terminology.ehdsi.eu/ValueSet/eHDSIBloodGroup"/><identifier><system value="urn:ietf:rfc:3986"/><value value="urn:oid:1.3.6.1.4.1.12559.11.10.1.3.1.42.20"/></identifier><version value="0.0.1"/><name value="EHDSIBloodGroup"/><title value="eHDSI Blood Group"/><status value="draft"/><experimental value="false"/><date value="2025-03-03T08:58:37+01:00"/><publisher value="SNS"/><contact><name value="SNS"/><telecom><system value="url"/><value value="https://sns.gob.es"/></telecom></contact><description value="The Value Set is used to code the value of patient's blood group + Rh"/><copyright value="This value set includes content from SNOMED CT, which is copyright © 2002+ International Health Terminology Standards Development Organisation (IHTSDO), and distributed by agreement between IHTSDO and HL7. Implementer use of SNOMED CT is not covered by this agreement"/><compose><include><system value="http://snomed.info/sct"/><concept><code value="112144000"/><display value="Blood group A"/></concept><concept><code value="278152006"/><display value="Blood group A Rh(D) negative"/></concept><concept><code value="278149003"/><display value="Blood group A Rh(D) positive"/></concept><concept><code value="165743006"/><display value="Blood group AB"/></concept><concept><code value="278154007"/><display value="Blood group AB Rh(D) negative"/></concept><concept><code value="278151004"/><display value="Blood group AB Rh(D) positive"/></concept><concept><code value="112149005"/><display value="Blood group B"/></concept><concept><code value="278153001"/><display value="Blood group B Rh(D) negative"/></concept><concept><code value="278150003"/><display value="Blood group B Rh(D) positive"/></concept><concept><code value="58460004"/><display value="Blood group O"/></concept><concept><code value="278148006"/><display value="Blood group O Rh(D) negative"/></concept><concept><code value="278147001"/><display value="Blood group O Rh(D) positive"/></concept></include></compose></ValueSet>