<?xml version="1.0" encoding="UTF-8"?><ValueSet xmlns="http://hl7.org/fhir"><id value="eHDSIHealthcareProfessionalRole"/><text><status value="generated"/><div xmlns="http://www.w3.org/1999/xhtml"><p class="res-header-id"><b>Generated Narrative: ValueSet eHDSIHealthcareProfessionalRole</b></p><a name="eHDSIHealthcareProfessionalRole"> </a><a name="hceHDSIHealthcareProfessionalRole"> </a><a name="eHDSIHealthcareProfessionalRole-en-US"> </a><ul><li>Include these codes as defined in <code>urn:oid:2.16.840.1.113883.2.9.6.2.7</code><table class="none"><tr><td style="white-space:nowrap"><b>Code</b></td><td><b>Display</b></td></tr><tr><td>22</td><td>Health professionals</td></tr><tr><td>221</td><td>Medical doctors</td></tr><tr><td>2211</td><td>Generalist medical practitioners</td></tr><tr><td>2212</td><td>Specialist medical practitioners</td></tr><tr><td>222</td><td>Nursing and midwifery professionals</td></tr><tr><td>2221</td><td>Nursing professionals</td></tr><tr><td>2222</td><td>Midwifery professionals</td></tr><tr><td>223</td><td>Traditional and complementary medicine professionals</td></tr><tr><td>224</td><td>Paramedical practitioners</td></tr><tr><td>225</td><td>Veterinarians</td></tr><tr><td>226</td><td>Other health professionals</td></tr><tr><td>2261</td><td>Dentists</td></tr><tr><td>2262</td><td>Pharmacists</td></tr><tr><td>2263</td><td>Environmental and occupational health and hygiene professionals</td></tr><tr><td>2264</td><td>Physiotherapists</td></tr><tr><td>2265</td><td>Dieticians and nutritionists</td></tr><tr><td>2266</td><td>Audiologists and speech therapists</td></tr><tr><td>2267</td><td>Optometrists and ophthalmic opticians</td></tr><tr><td>2269</td><td>Health professionals not elsewhere classified</td></tr><tr><td>32</td><td>Health associate professionals</td></tr><tr><td>321</td><td>Medical and pharmaceutical technicians</td></tr><tr><td>3211</td><td>Medical imaging and therapeutic equipment technicians</td></tr><tr><td>3212</td><td>Medical and pathology laboratory technicians</td></tr><tr><td>3213</td><td>Pharmaceutical technicians and assistants</td></tr><tr><td>3214</td><td>Medical and dental prosthetic technicians</td></tr><tr><td>322</td><td>Nursing and midwifery associate professionals</td></tr><tr><td>3221</td><td>Nursing associate professionals</td></tr><tr><td>3222</td><td>Midwifery associate professionals</td></tr><tr><td>323</td><td>Traditional and complementary medicine associate professionals</td></tr><tr><td>325</td><td>Other health associate professionals</td></tr><tr><td>3251</td><td>Dental assistants and therapists</td></tr><tr><td>3252</td><td>Medical records and health information technicians</td></tr><tr><td>3253</td><td>Community health workers</td></tr><tr><td>3254</td><td>Dispensing opticians</td></tr><tr><td>3255</td><td>Physiotherapy technicians and assistants</td></tr><tr><td>3256</td><td>Medical assistants</td></tr><tr><td>3257</td><td>Environmental and occupational health inspectors and associates</td></tr><tr><td>3258</td><td>Ambulance workers</td></tr><tr><td>3259</td><td>Health associate professionals not elsewhere classified</td></tr></table></li></ul></div></text><extension url="http://hl7.org/fhir/StructureDefinition/structuredefinition-fmm"><valueInteger value="1"/></extension><extension url="http://hl7.org/fhir/StructureDefinition/structuredefinition-standards-status"><valueCode value="draft"/></extension><url value="http://terminology.ehdsi.eu/ValueSet/EHDSIHealthcareProfessionalRole"/><identifier><system value="urn:ietf:rfc:3986"/><value value="urn:oid:1.3.6.1.4.1.12559.11.10.1.3.1.42.1"/></identifier><version value="0.0.1"/><name value="EHDSIHealthcareProfessionalRole"/><title value="eHDSI Healthcare Professional Role"/><status value="draft"/><experimental value="false"/><date value="2025-03-03T08:58:37+01:00"/><publisher value="SNS"/><contact><name value="SNS"/><telecom><system value="url"/><value value="https://sns.gob.es"/></telecom></contact><description value="This Value Set is used to define Healthcare Professional Role"/><compose><include><system value="urn:oid:2.16.840.1.113883.2.9.6.2.7"/><concept><code value="22"/><display value="Health professionals"/></concept><concept><code value="221"/><display value="Medical doctors"/></concept><concept><code value="2211"/><display value="Generalist medical practitioners"/></concept><concept><code value="2212"/><display value="Specialist medical practitioners"/></concept><concept><code value="222"/><display value="Nursing and midwifery professionals"/></concept><concept><code value="2221"/><display value="Nursing professionals"/></concept><concept><code value="2222"/><display value="Midwifery professionals"/></concept><concept><code value="223"/><display value="Traditional and complementary medicine professionals"/></concept><concept><code value="224"/><display value="Paramedical practitioners"/></concept><concept><code value="225"/><display value="Veterinarians"/></concept><concept><code value="226"/><display value="Other health professionals"/></concept><concept><code value="2261"/><display value="Dentists"/></concept><concept><code value="2262"/><display value="Pharmacists"/></concept><concept><code value="2263"/><display value="Environmental and occupational health and hygiene professionals"/></concept><concept><code value="2264"/><display value="Physiotherapists"/></concept><concept><code value="2265"/><display value="Dieticians and nutritionists"/></concept><concept><code value="2266"/><display value="Audiologists and speech therapists"/></concept><concept><code value="2267"/><display value="Optometrists and ophthalmic opticians"/></concept><concept><code value="2269"/><display value="Health professionals not elsewhere classified"/></concept><concept><code value="32"/><display value="Health associate professionals"/></concept><concept><code value="321"/><display value="Medical and pharmaceutical technicians"/></concept><concept><code value="3211"/><display value="Medical imaging and therapeutic equipment technicians"/></concept><concept><code value="3212"/><display value="Medical and pathology laboratory technicians"/></concept><concept><code value="3213"/><display value="Pharmaceutical technicians and assistants"/></concept><concept><code value="3214"/><display value="Medical and dental prosthetic technicians"/></concept><concept><code value="322"/><display value="Nursing and midwifery associate professionals"/></concept><concept><code value="3221"/><display value="Nursing associate professionals"/></concept><concept><code value="3222"/><display value="Midwifery associate professionals"/></concept><concept><code value="323"/><display value="Traditional and complementary medicine associate professionals"/></concept><concept><code value="325"/><display value="Other health associate professionals"/></concept><concept><code value="3251"/><display value="Dental assistants and therapists"/></concept><concept><code value="3252"/><display value="Medical records and health information technicians"/></concept><concept><code value="3253"/><display value="Community health workers"/></concept><concept><code value="3254"/><display value="Dispensing opticians"/></concept><concept><code value="3255"/><display value="Physiotherapy technicians and assistants"/></concept><concept><code value="3256"/><display value="Medical assistants"/></concept><concept><code value="3257"/><display value="Environmental and occupational health inspectors and associates"/></concept><concept><code value="3258"/><display value="Ambulance workers"/></concept><concept><code value="3259"/><display value="Health associate professionals not elsewhere classified"/></concept></include></compose></ValueSet>