{
  "resourceType" : "ConceptMap",
  "id" : "author2FHIR-lab-myhealtheu",
  "text" : {
    "status" : "generated",
    "div" : "<div xmlns=\"http://www.w3.org/1999/xhtml\"><p class=\"res-header-id\"><b>Generated Narrative: ConceptMap author2FHIR-lab-myhealtheu</b></p><a name=\"author2FHIR-lab-myhealtheu\"> </a><a name=\"hcauthor2FHIR-lab-myhealtheu\"> </a><a name=\"author2FHIR-lab-myhealtheu-en-US\"> </a><p>Mapping from <a href=\"StructureDefinition-Author.html\">Author</a> to <a href=\"StructureDefinition-Bundle-lab-myhealtheu.html\">Bundle: Laboratory</a></p><br/><p><b>Group 1 </b>Mapping from <a href=\"StructureDefinition-Author.html\">Author</a> to <a href=\"StructureDefinition-Composition-lab-myhealtheu.html\">Composition: Laboratory</a></p><table class=\"grid\"><tr><td><b>Source Code</b></td><td><b>Relationship</b></td><td><b>Target Code</b></td><td><b>Comment</b></td></tr><tr><td>Author.identifier (Author identifier)</td><td><a href=\"http://hl7.org/fhir/extensions/5.2.0/CodeSystem-concept-map-equivalence.html#equivalent\" title=\"equivalent\">is equivalent to</a></td><td>Composition.author.identifier</td><td/></tr><tr><td>Author.name (Author name)</td><td><a href=\"http://hl7.org/fhir/extensions/5.2.0/CodeSystem-concept-map-equivalence.html#equivalent\" title=\"equivalent\">is equivalent to</a></td><td>Composition.author.name</td><td>Human Author and author.ofType(Practitioner)</td></tr><tr><td>Author.name (Author name)</td><td><a href=\"http://hl7.org/fhir/extensions/5.2.0/CodeSystem-concept-map-equivalence.html#equivalent\" title=\"equivalent\">is equivalent to</a></td><td>Composition.author.Practitioner.name</td><td>Human Author and  author.ofType(PractitionerRole)</td></tr><tr><td>Author.name (Author name)</td><td><a href=\"http://hl7.org/fhir/extensions/5.2.0/CodeSystem-concept-map-equivalence.html#equivalent\" title=\"equivalent\">is equivalent to</a></td><td>Composition.author.displayName</td><td>Device Author, implies author.ofType(Device)</td></tr><tr><td>Author.organization (Author organization)</td><td><a href=\"http://hl7.org/fhir/extensions/5.2.0/CodeSystem-concept-map-equivalence.html#equivalent\" title=\"equivalent\">is equivalent to</a></td><td>Composition.author.organization</td><td>Human Author and author.ofType(PractitionerRole)</td></tr><tr><td>Author.organization (Author organization)</td><td><a href=\"http://hl7.org/fhir/extensions/5.2.0/CodeSystem-concept-map-equivalence.html#equivalent\" title=\"equivalent\">is equivalent to</a></td><td>Composition.author.owner</td><td>Device Author, implies author.ofType(Device)</td></tr><tr><td>Author.organization.name (Organization Name)</td><td><a href=\"http://hl7.org/fhir/extensions/5.2.0/CodeSystem-concept-map-equivalence.html#equivalent\" title=\"equivalent\">is equivalent to</a></td><td>Composition.author.organization.name</td><td>Human Author and author.ofType(PractitionerRole)</td></tr><tr><td>Author.organization.address (Organization Address)</td><td><a href=\"http://hl7.org/fhir/extensions/5.2.0/CodeSystem-concept-map-equivalence.html#equivalent\" title=\"equivalent\">is equivalent to</a></td><td>Composition.author.organization.address</td><td>Human Author and author.ofType(PractitionerRole)</td></tr><tr><td>Author.organization.telecom (Organization telecom)</td><td><a href=\"http://hl7.org/fhir/extensions/5.2.0/CodeSystem-concept-map-equivalence.html#equivalent\" title=\"equivalent\">is equivalent to</a></td><td>Composition.author.organization.telecom</td><td>Human Author and author.ofType(PractitionerRole)</td></tr><tr><td>Author.organization.name (Organization Name)</td><td><a href=\"http://hl7.org/fhir/extensions/5.2.0/CodeSystem-concept-map-equivalence.html#equivalent\" title=\"equivalent\">is equivalent to</a></td><td>Composition.author.owner.name</td><td>Device Author, implies author.ofType(Device)</td></tr><tr><td>Author.organization.address (Organization Address)</td><td><a href=\"http://hl7.org/fhir/extensions/5.2.0/CodeSystem-concept-map-equivalence.html#equivalent\" title=\"equivalent\">is equivalent to</a></td><td>Composition.author.owner.address</td><td>Device Author, implies author.ofType(Device)</td></tr><tr><td>Author.organization.telecom (Organization telecom)</td><td><a href=\"http://hl7.org/fhir/extensions/5.2.0/CodeSystem-concept-map-equivalence.html#equivalent\" title=\"equivalent\">is equivalent to</a></td><td>Composition.author.owner.telecom</td><td>Device Author, implies author.ofType(Device)</td></tr></table><hr/><p><b>Group 2 </b>Mapping from <a href=\"StructureDefinition-Author.html\">Author</a> to <a href=\"StructureDefinition-DiagnosticReport-lab-myhealtheu.html\">DiagnosticReport: Laboratory</a></p><table class=\"grid\"><tr><td><b>Source Code</b></td><td><b>Relationship</b></td><td><b>Target Code</b></td><td><b>Comment</b></td></tr><tr><td>Author.identifier (Author identifier)</td><td><a href=\"http://hl7.org/fhir/extensions/5.2.0/CodeSystem-concept-map-equivalence.html#relatedto\" title=\"relatedto\">is related to</a></td><td>DiagnosticReport.resultsInterpreter.identifier</td><td>If the author is the interpreter</td></tr><tr><td>Author.identifier (Author identifier)</td><td><a href=\"http://hl7.org/fhir/extensions/5.2.0/CodeSystem-concept-map-equivalence.html#relatedto\" title=\"relatedto\">is related to</a></td><td>DiagnosticReport.performer.identifier</td><td>If the author is the performer</td></tr><tr><td>Author.name (Author name)</td><td><a href=\"http://hl7.org/fhir/extensions/5.2.0/CodeSystem-concept-map-equivalence.html#relatedto\" title=\"relatedto\">is related to</a></td><td>DiagnosticReport.resultsInterpreter.name</td><td>If the author is the interpreter and \nresultsInterpreter.resolve().ofType(Practitioner)</td></tr><tr><td>Author.name (Author name)</td><td><a href=\"http://hl7.org/fhir/extensions/5.2.0/CodeSystem-concept-map-equivalence.html#relatedto\" title=\"relatedto\">is related to</a></td><td>DiagnosticReport.resultsInterpreter.practitioner.name</td><td>If the author is the interpreter and resultsInterpreter.resolve().ofType(PractitionerRole)</td></tr><tr><td>Author.name (Author name)</td><td><a href=\"http://hl7.org/fhir/extensions/5.2.0/CodeSystem-concept-map-equivalence.html#relatedto\" title=\"relatedto\">is related to</a></td><td>DiagnosticReport.performer.name</td><td>If the author is the performer and performer.resolve().ofType(Practitioner)</td></tr><tr><td>Author.name (Author name)</td><td><a href=\"http://hl7.org/fhir/extensions/5.2.0/CodeSystem-concept-map-equivalence.html#relatedto\" title=\"relatedto\">is related to</a></td><td>DiagnosticReport.performer.Practitioner.name</td><td>If the author is the performer and performer.resolve().ofType(PractitionerRole)</td></tr><tr><td>Author.organization (Author organization)</td><td><a href=\"http://hl7.org/fhir/extensions/5.2.0/CodeSystem-concept-map-equivalence.html#relatedto\" title=\"relatedto\">is related to</a></td><td>DiagnosticReport.resultsInterpreter.organization</td><td>If the author is the interpreter and resultsInterpreter.resolve().ofType(PractitionerRole)</td></tr><tr><td>Author.organization (Author organization)</td><td><a href=\"http://hl7.org/fhir/extensions/5.2.0/CodeSystem-concept-map-equivalence.html#relatedto\" title=\"relatedto\">is related to</a></td><td>DiagnosticReport.performer.organization</td><td>If the author is the performer and performer.resolve().ofType(PractitionerRole)</td></tr><tr><td>Author.organization.name (Organization Name)</td><td><a href=\"http://hl7.org/fhir/extensions/5.2.0/CodeSystem-concept-map-equivalence.html#relatedto\" title=\"relatedto\">is related to</a></td><td>DiagnosticReport.performer.organization.name</td><td>If the author is the performer and performer.resolve().ofType(PractitionerRole)</td></tr><tr><td>Author.organization.address (Organization Address)</td><td><a href=\"http://hl7.org/fhir/extensions/5.2.0/CodeSystem-concept-map-equivalence.html#relatedto\" title=\"relatedto\">is related to</a></td><td>DiagnosticReport.performer.organization.address</td><td>If the author is the performer and performer.resolve().ofType(PractitionerRole)</td></tr><tr><td>Author.organization.telecom (Organization telecom)</td><td><a href=\"http://hl7.org/fhir/extensions/5.2.0/CodeSystem-concept-map-equivalence.html#relatedto\" title=\"relatedto\">is related to</a></td><td>DiagnosticReport.performer.organization.telecom</td><td>If the author is the performer and performer.resolve().ofType(PractitionerRole)</td></tr><tr><td>Author.organization.name (Organization Name)</td><td><a href=\"http://hl7.org/fhir/extensions/5.2.0/CodeSystem-concept-map-equivalence.html#relatedto\" title=\"relatedto\">is related to</a></td><td>DiagnosticReport.resultsInterpreter.organization.name</td><td>If the author is the interpreter and resultsInterpreter.resolve().ofType(PractitionerRole)</td></tr><tr><td>Author.organization.address (Organization Address)</td><td><a href=\"http://hl7.org/fhir/extensions/5.2.0/CodeSystem-concept-map-equivalence.html#relatedto\" title=\"relatedto\">is related to</a></td><td>DiagnosticReport.resultsInterpreter.organization.address</td><td>If the author is the interpreter and resultsInterpreter.resolve().ofType(PractitionerRole)</td></tr><tr><td>Author.organization.telecom (Organization telecom)</td><td><a href=\"http://hl7.org/fhir/extensions/5.2.0/CodeSystem-concept-map-equivalence.html#relatedto\" title=\"relatedto\">is related to</a></td><td>DiagnosticReport.resultsInterpreter.organization.telecom</td><td>If the author is the interpreter and resultsInterpreter.resolve().ofType(PractitionerRole)</td></tr></table></div>"
  },
  "url" : "http://fhir.ehdsi.eu/laboratory/ConceptMap/author2FHIR-lab-myhealtheu",
  "version" : "0.0.1",
  "name" : "LabRptAuthor2FHIR",
  "title" : "MyHealth@EUAuthor to this guide Map",
  "status" : "draft",
  "experimental" : true,
  "date" : "2025-03-03T08:58:37+01:00",
  "publisher" : "SNS",
  "contact" : [{
    "name" : "SNS",
    "telecom" : [{
      "system" : "url",
      "value" : "https://sns.gob.es"
    }]
  }],
  "description" : "MyHealth@EUAuthor Model to this guide Map",
  "purpose" : "It shows how the Laboratory Report Author data set defined by the EU MyHealth@EUguidelines is mapped into this guide",
  "sourceUri" : "http://fhir.ehdsi.eu/laboratory/StructureDefinition/Author",
  "targetUri" : "http://fhir.ehdsi.eu/laboratory/StructureDefinition/Bundle-lab-myhealtheu",
  "group" : [{
    "source" : "http://fhir.ehdsi.eu/laboratory/StructureDefinition/Author",
    "target" : "http://fhir.ehdsi.eu/laboratory/StructureDefinition/Composition-lab-myhealtheu",
    "element" : [{
      "code" : "Author.identifier",
      "display" : "Author identifier",
      "target" : [{
        "code" : "Composition.author.identifier",
        "equivalence" : "equivalent"
      }]
    },
    {
      "code" : "Author.name",
      "display" : "Author name",
      "target" : [{
        "code" : "Composition.author.name",
        "equivalence" : "equivalent",
        "comment" : "Human Author and author.ofType(Practitioner)"
      }]
    },
    {
      "code" : "Author.name",
      "display" : "Author name",
      "target" : [{
        "code" : "Composition.author.Practitioner.name",
        "equivalence" : "equivalent",
        "comment" : "Human Author and  author.ofType(PractitionerRole)"
      }]
    },
    {
      "code" : "Author.name",
      "display" : "Author name",
      "target" : [{
        "code" : "Composition.author.displayName",
        "equivalence" : "equivalent",
        "comment" : "Device Author, implies author.ofType(Device)"
      }]
    },
    {
      "code" : "Author.organization",
      "display" : "Author organization",
      "target" : [{
        "code" : "Composition.author.organization",
        "equivalence" : "equivalent",
        "comment" : "Human Author and author.ofType(PractitionerRole)"
      }]
    },
    {
      "code" : "Author.organization",
      "display" : "Author organization",
      "target" : [{
        "code" : "Composition.author.owner",
        "equivalence" : "equivalent",
        "comment" : "Device Author, implies author.ofType(Device)"
      }]
    },
    {
      "code" : "Author.organization.name",
      "display" : "Organization Name",
      "target" : [{
        "code" : "Composition.author.organization.name",
        "equivalence" : "equivalent",
        "comment" : "Human Author and author.ofType(PractitionerRole)"
      }]
    },
    {
      "code" : "Author.organization.address",
      "display" : "Organization Address",
      "target" : [{
        "code" : "Composition.author.organization.address",
        "equivalence" : "equivalent",
        "comment" : "Human Author and author.ofType(PractitionerRole)"
      }]
    },
    {
      "code" : "Author.organization.telecom",
      "display" : "Organization telecom",
      "target" : [{
        "code" : "Composition.author.organization.telecom",
        "equivalence" : "equivalent",
        "comment" : "Human Author and author.ofType(PractitionerRole)"
      }]
    },
    {
      "code" : "Author.organization.name",
      "display" : "Organization Name",
      "target" : [{
        "code" : "Composition.author.owner.name",
        "equivalence" : "equivalent",
        "comment" : "Device Author, implies author.ofType(Device)"
      }]
    },
    {
      "code" : "Author.organization.address",
      "display" : "Organization Address",
      "target" : [{
        "code" : "Composition.author.owner.address",
        "equivalence" : "equivalent",
        "comment" : "Device Author, implies author.ofType(Device)"
      }]
    },
    {
      "code" : "Author.organization.telecom",
      "display" : "Organization telecom",
      "target" : [{
        "code" : "Composition.author.owner.telecom",
        "equivalence" : "equivalent",
        "comment" : "Device Author, implies author.ofType(Device)"
      }]
    }]
  },
  {
    "source" : "http://fhir.ehdsi.eu/laboratory/StructureDefinition/Author",
    "target" : "http://fhir.ehdsi.eu/laboratory/StructureDefinition/DiagnosticReport-lab-myhealtheu",
    "element" : [{
      "code" : "Author.identifier",
      "display" : "Author identifier",
      "target" : [{
        "code" : "DiagnosticReport.resultsInterpreter.identifier",
        "equivalence" : "relatedto",
        "comment" : "If the author is the interpreter"
      }]
    },
    {
      "code" : "Author.identifier",
      "display" : "Author identifier",
      "target" : [{
        "code" : "DiagnosticReport.performer.identifier",
        "equivalence" : "relatedto",
        "comment" : "If the author is the performer"
      }]
    },
    {
      "code" : "Author.name",
      "display" : "Author name",
      "target" : [{
        "code" : "DiagnosticReport.resultsInterpreter.name",
        "equivalence" : "relatedto",
        "comment" : "If the author is the interpreter and \nresultsInterpreter.resolve().ofType(Practitioner)"
      }]
    },
    {
      "code" : "Author.name",
      "display" : "Author name",
      "target" : [{
        "code" : "DiagnosticReport.resultsInterpreter.practitioner.name",
        "equivalence" : "relatedto",
        "comment" : "If the author is the interpreter and resultsInterpreter.resolve().ofType(PractitionerRole)"
      }]
    },
    {
      "code" : "Author.name",
      "display" : "Author name",
      "target" : [{
        "code" : "DiagnosticReport.performer.name",
        "equivalence" : "relatedto",
        "comment" : "If the author is the performer and performer.resolve().ofType(Practitioner)"
      }]
    },
    {
      "code" : "Author.name",
      "display" : "Author name",
      "target" : [{
        "code" : "DiagnosticReport.performer.Practitioner.name",
        "equivalence" : "relatedto",
        "comment" : "If the author is the performer and performer.resolve().ofType(PractitionerRole)"
      }]
    },
    {
      "code" : "Author.organization",
      "display" : "Author organization",
      "target" : [{
        "code" : "DiagnosticReport.resultsInterpreter.organization",
        "equivalence" : "relatedto",
        "comment" : "If the author is the interpreter and resultsInterpreter.resolve().ofType(PractitionerRole)"
      }]
    },
    {
      "code" : "Author.organization",
      "display" : "Author organization",
      "target" : [{
        "code" : "DiagnosticReport.performer.organization",
        "equivalence" : "relatedto",
        "comment" : "If the author is the performer and performer.resolve().ofType(PractitionerRole)"
      }]
    },
    {
      "code" : "Author.organization.name",
      "display" : "Organization Name",
      "target" : [{
        "code" : "DiagnosticReport.performer.organization.name",
        "equivalence" : "relatedto",
        "comment" : "If the author is the performer and performer.resolve().ofType(PractitionerRole)"
      }]
    },
    {
      "code" : "Author.organization.address",
      "display" : "Organization Address",
      "target" : [{
        "code" : "DiagnosticReport.performer.organization.address",
        "equivalence" : "relatedto",
        "comment" : "If the author is the performer and performer.resolve().ofType(PractitionerRole)"
      }]
    },
    {
      "code" : "Author.organization.telecom",
      "display" : "Organization telecom",
      "target" : [{
        "code" : "DiagnosticReport.performer.organization.telecom",
        "equivalence" : "relatedto",
        "comment" : "If the author is the performer and performer.resolve().ofType(PractitionerRole)"
      }]
    },
    {
      "code" : "Author.organization.name",
      "display" : "Organization Name",
      "target" : [{
        "code" : "DiagnosticReport.resultsInterpreter.organization.name",
        "equivalence" : "relatedto",
        "comment" : "If the author is the interpreter and resultsInterpreter.resolve().ofType(PractitionerRole)"
      }]
    },
    {
      "code" : "Author.organization.address",
      "display" : "Organization Address",
      "target" : [{
        "code" : "DiagnosticReport.resultsInterpreter.organization.address",
        "equivalence" : "relatedto",
        "comment" : "If the author is the interpreter and resultsInterpreter.resolve().ofType(PractitionerRole)"
      }]
    },
    {
      "code" : "Author.organization.telecom",
      "display" : "Organization telecom",
      "target" : [{
        "code" : "DiagnosticReport.resultsInterpreter.organization.telecom",
        "equivalence" : "relatedto",
        "comment" : "If the author is the interpreter and resultsInterpreter.resolve().ofType(PractitionerRole)"
      }]
    }]
  }]
}