{
  "resourceType" : "Observation",
  "id" : "SampleBloodGroupObservation",
  "meta" : {
    "profile" : ["http://fhir.ehdsi.eu/laboratory/StructureDefinition/Observation-resultslab-lab-myhealtheu"]
  },
  "text" : {
    "status" : "generated",
    "div" : "<div xmlns=\"http://www.w3.org/1999/xhtml\"><p class=\"res-header-id\"><b>Generated Narrative: Observation SampleBloodGroupObservation</b></p><a name=\"SampleBloodGroupObservation\"> </a><a name=\"hcSampleBloodGroupObservation\"> </a><a name=\"SampleBloodGroupObservation-en-US\"> </a><p><b>status</b>: Final</p><p><b>category</b>: <span title=\"Codes:{http://terminology.hl7.org/CodeSystem/observation-category laboratory}\">Laboratory</span>, <span title=\"Codes:{http://loinc.org 18717-9}\">Blood bank studies (set)</span></p><p><b>code</b>: <span title=\"Codes:{http://loinc.org 883-9}\">Blood Group</span></p><p><b>subject</b>: <a href=\"Patient-SamplePatient.html\">John Albertus Doe  Male, DoB: 1989-12-12 ( https://www.ehealth.fgov.be/standards/fhir/core/NamingSystem/ssin#89121210976\u00a0(use:\u00a0official,\u00a0))</a></p><p><b>effective</b>: 2023-03-09 13:35:00+0100</p><p><b>performer</b>: Dr. Patrick Dempsey</p><p><b>value</b>: <span title=\"Codes:{http://snomed.info/sct 112144000}\">A</span></p></div>"
  },
  "status" : "final",
  "category" : [{
    "coding" : [{
      "system" : "http://terminology.hl7.org/CodeSystem/observation-category",
      "code" : "laboratory"
    }]
  },
  {
    "coding" : [{
      "system" : "http://loinc.org",
      "code" : "18717-9",
      "display" : "Blood bank studies (set)"
    }]
  }],
  "code" : {
    "coding" : [{
      "system" : "http://loinc.org",
      "code" : "883-9",
      "display" : "ABO group [Type] in Blood"
    }],
    "text" : "Blood Group"
  },
  "subject" : {
    "reference" : "Patient/SamplePatient"
  },
  "effectiveDateTime" : "2023-03-09T13:35:00+01:00",
  "performer" : [{
    "display" : "Dr. Patrick Dempsey"
  }],
  "valueCodeableConcept" : {
    "coding" : [{
      "system" : "http://snomed.info/sct",
      "code" : "112144000",
      "display" : "Blood group A (finding)"
    }],
    "text" : "A"
  }
}