{
  "resourceType" : "ValueSet",
  "id" : "eHDSILabSpecimenType",
  "text" : {
    "status" : "generated",
    "div" : "<div xmlns=\"http://www.w3.org/1999/xhtml\"><p class=\"res-header-id\"><b>Generated Narrative: ValueSet eHDSILabSpecimenType</b></p><a name=\"eHDSILabSpecimenType\"> </a><a name=\"hceHDSILabSpecimenType\"> </a><a name=\"eHDSILabSpecimenType-en-US\"> </a><ul><li>Include these codes as defined in <a href=\"http://www.snomed.org/\"><code>http://snomed.info/sct</code></a><table class=\"none\"><tr><td style=\"white-space:nowrap\"><b>Code</b></td><td><b>Display</b></td></tr><tr><td><a href=\"http://snomed.info/id/119376003\">119376003</a></td><td>Tissue specimen</td></tr><tr><td><a href=\"http://snomed.info/id/122571007\">122571007</a></td><td>Pericardial fluid specimen</td></tr><tr><td><a href=\"http://snomed.info/id/119297000\">119297000</a></td><td>Blood specimen</td></tr><tr><td><a href=\"http://snomed.info/id/418564007\">418564007</a></td><td>Pleural fluid specimen</td></tr><tr><td><a href=\"http://snomed.info/id/122554006\">122554006</a></td><td>Capillary blood specimen</td></tr><tr><td><a href=\"http://snomed.info/id/258450006\">258450006</a></td><td>Cerebrospinal fluid specimen</td></tr><tr><td><a href=\"http://snomed.info/id/119327009\">119327009</a></td><td>Nail specimen</td></tr><tr><td><a href=\"http://snomed.info/id/119361006\">119361006</a></td><td>Plasma specimen</td></tr><tr><td><a href=\"http://snomed.info/id/119334006\">119334006</a></td><td>Sputum specimen</td></tr><tr><td><a href=\"http://snomed.info/id/119339001\">119339001</a></td><td>Stool specimen</td></tr><tr><td><a href=\"http://snomed.info/id/122552005\">122552005</a></td><td>Arterial blood specimen</td></tr><tr><td><a href=\"http://snomed.info/id/119341000\">119341000</a></td><td>Bile specimen</td></tr><tr><td><a href=\"http://snomed.info/id/122555007\">122555007</a></td><td>Venous blood specimen</td></tr><tr><td><a href=\"http://snomed.info/id/119342007\">119342007</a></td><td>Saliva specimen</td></tr><tr><td><a href=\"http://snomed.info/id/122575003\">122575003</a></td><td>Urine specimen</td></tr><tr><td><a href=\"http://snomed.info/id/309051001\">309051001</a></td><td>Body fluid specimen</td></tr><tr><td><a href=\"http://snomed.info/id/119351004\">119351004</a></td><td>Erythrocyte specimen</td></tr><tr><td><a href=\"http://snomed.info/id/119364003\">119364003</a></td><td>Serum specimen</td></tr><tr><td><a href=\"http://snomed.info/id/119312009\">119312009</a></td><td>Catheter tip submitted as specimen</td></tr><tr><td><a href=\"http://snomed.info/id/258529004\">258529004</a></td><td>Throat swab</td></tr><tr><td><a href=\"http://snomed.info/id/119323008\">119323008</a></td><td>Pus specimen</td></tr><tr><td><a href=\"http://snomed.info/id/258607008\">258607008</a></td><td>Bronchoalveolar lavage fluid specimen</td></tr><tr><td><a href=\"http://snomed.info/id/122556008\">122556008</a></td><td>Cord blood specimen</td></tr><tr><td><a href=\"http://snomed.info/id/258530009\">258530009</a></td><td>Urethral swab</td></tr><tr><td><a href=\"http://snomed.info/id/440500007\">440500007</a></td><td>Dried blood spot specimen</td></tr><tr><td><a href=\"http://snomed.info/id/258574006\">258574006</a></td><td>Mid-stream urine specimen</td></tr><tr><td><a href=\"http://snomed.info/id/119332005\">119332005</a></td><td>Synovial fluid specimen</td></tr><tr><td><a href=\"http://snomed.info/id/258455001\">258455001</a></td><td>Drainage fluid specimen</td></tr><tr><td><a href=\"http://snomed.info/id/119371008\">119371008</a></td><td>Specimen from abscess</td></tr><tr><td><a href=\"http://snomed.info/id/168139001\">168139001</a></td><td>Peritoneal fluid specimen</td></tr><tr><td><a href=\"http://snomed.info/id/258528007\">258528007</a></td><td>Rectal swab</td></tr><tr><td><a href=\"http://snomed.info/id/258591005\">258591005</a></td><td>White blood cell specimen</td></tr><tr><td><a href=\"http://snomed.info/id/432825001\">432825001</a></td><td>Body secretion specimen</td></tr><tr><td><a href=\"http://snomed.info/id/258503004\">258503004</a></td><td>Skin swab</td></tr><tr><td><a href=\"http://snomed.info/id/119318008\">119318008</a></td><td>Water specimen</td></tr><tr><td><a href=\"http://snomed.info/id/122565001\">122565001</a></td><td>Urinary catheter specimen</td></tr><tr><td><a href=\"http://snomed.info/id/309210009\">309210009</a></td><td>Esophageal brushings specimen</td></tr><tr><td><a href=\"http://snomed.info/id/708049000\">708049000</a></td><td>Plasma specimen with ethylenediamine tetraacetic acid</td></tr><tr><td><a href=\"http://snomed.info/id/440473005\">440473005</a></td><td>Contact lens submitted as specimen</td></tr><tr><td><a href=\"http://snomed.info/id/446846006\">446846006</a></td><td>Urine specimen obtained via indwelling urinary catheter</td></tr><tr><td><a href=\"http://snomed.info/id/258441009\">258441009</a></td><td>Exudate specimen</td></tr><tr><td><a href=\"http://snomed.info/id/119350003\">119350003</a></td><td>Calculus specimen</td></tr><tr><td><a href=\"http://snomed.info/id/119329007\">119329007</a></td><td>Colostrum specimen</td></tr><tr><td><a href=\"http://snomed.info/id/258459007\">258459007</a></td><td>Gastric fluid specimen</td></tr><tr><td><a href=\"http://snomed.info/id/258603007\">258603007</a></td><td>Specimen from respiratory system</td></tr><tr><td><a href=\"http://snomed.info/id/309176002\">309176002</a></td><td>Bronchial brushings specimen</td></tr><tr><td><a href=\"http://snomed.info/id/119300005\">119300005</a></td><td>Specimen from blood product</td></tr><tr><td><a href=\"http://snomed.info/id/439961009\">439961009</a></td><td>Implant submitted as specimen</td></tr><tr><td><a href=\"http://snomed.info/id/119336008\">119336008</a></td><td>Exhaled air specimen</td></tr><tr><td><a href=\"http://snomed.info/id/258482009\">258482009</a></td><td>Vesicle fluid specimen</td></tr><tr><td><a href=\"http://snomed.info/id/258498002\">258498002</a></td><td>Conjunctival swab</td></tr><tr><td><a href=\"http://snomed.info/id/122572000\">122572000</a></td><td>Vomitus specimen</td></tr><tr><td><a href=\"http://snomed.info/id/258500001\">258500001</a></td><td>Nasopharyngeal swab</td></tr><tr><td><a href=\"http://snomed.info/id/168141000\">168141000</a></td><td>Nasal fluid specimen</td></tr><tr><td><a href=\"http://snomed.info/id/257261003\">257261003</a></td><td>Swab</td></tr><tr><td><a href=\"http://snomed.info/id/258411007\">258411007</a></td><td>Nasopharyngeal aspirate</td></tr><tr><td><a href=\"http://snomed.info/id/708048008\">708048008</a></td><td>Plasma specimen with citrate</td></tr><tr><td><a href=\"http://snomed.info/id/258415003\">258415003</a></td><td>Biopsy specimen</td></tr></table></li></ul></div>"
  },
  "extension" : [{
    "url" : "http://hl7.org/fhir/StructureDefinition/structuredefinition-fmm",
    "valueInteger" : 1
  },
  {
    "url" : "http://hl7.org/fhir/StructureDefinition/structuredefinition-standards-status",
    "valueCode" : "draft"
  }],
  "url" : "http://terminology.ehdsi.eu/ValueSet/eHDSILabSpecimenType",
  "identifier" : [{
    "system" : "urn:ietf:rfc:3986",
    "value" : "urn:oid:1.3.6.1.4.1.12559.11.10.1.3.1.42.67"
  }],
  "version" : "0.0.1",
  "name" : "EHDSILabSpecimenType",
  "title" : "eHDSI Laboratory Specimen Type",
  "status" : "draft",
  "experimental" : false,
  "date" : "2025-03-03T08:58:37+01:00",
  "publisher" : "SNS",
  "contact" : [{
    "name" : "SNS",
    "telecom" : [{
      "system" : "url",
      "value" : "https://sns.gob.es"
    }]
  }],
  "description" : "This Value Set is used for the kind of material that forms the specimen",
  "copyright" : "This value set includes content from SNOMED CT, which is copyright © 2002+ International Health Terminology Standards Development Organisation (IHTSDO), and distributed by agreement between IHTSDO and HL7. Implementer use of SNOMED CT is not covered by this agreement",
  "compose" : {
    "include" : [{
      "system" : "http://snomed.info/sct",
      "concept" : [{
        "code" : "119376003",
        "display" : "Tissue specimen"
      },
      {
        "code" : "122571007",
        "display" : "Pericardial fluid specimen"
      },
      {
        "code" : "119297000",
        "display" : "Blood specimen"
      },
      {
        "code" : "418564007",
        "display" : "Pleural fluid specimen"
      },
      {
        "code" : "122554006",
        "display" : "Capillary blood specimen"
      },
      {
        "code" : "258450006",
        "display" : "Cerebrospinal fluid specimen"
      },
      {
        "code" : "119327009",
        "display" : "Nail specimen"
      },
      {
        "code" : "119361006",
        "display" : "Plasma specimen"
      },
      {
        "code" : "119334006",
        "display" : "Sputum specimen"
      },
      {
        "code" : "119339001",
        "display" : "Stool specimen"
      },
      {
        "code" : "122552005",
        "display" : "Arterial blood specimen"
      },
      {
        "code" : "119341000",
        "display" : "Bile specimen"
      },
      {
        "code" : "122555007",
        "display" : "Venous blood specimen"
      },
      {
        "code" : "119342007",
        "display" : "Saliva specimen"
      },
      {
        "code" : "122575003",
        "display" : "Urine specimen"
      },
      {
        "code" : "309051001",
        "display" : "Body fluid specimen"
      },
      {
        "code" : "119351004",
        "display" : "Erythrocyte specimen"
      },
      {
        "code" : "119364003",
        "display" : "Serum specimen"
      },
      {
        "code" : "119312009",
        "display" : "Catheter tip submitted as specimen"
      },
      {
        "code" : "258529004",
        "display" : "Throat swab"
      },
      {
        "code" : "119323008",
        "display" : "Pus specimen"
      },
      {
        "code" : "258607008",
        "display" : "Bronchoalveolar lavage fluid specimen"
      },
      {
        "code" : "122556008",
        "display" : "Cord blood specimen"
      },
      {
        "code" : "258530009",
        "display" : "Urethral swab"
      },
      {
        "code" : "440500007",
        "display" : "Dried blood spot specimen"
      },
      {
        "code" : "258574006",
        "display" : "Mid-stream urine specimen"
      },
      {
        "code" : "119332005",
        "display" : "Synovial fluid specimen"
      },
      {
        "code" : "258455001",
        "display" : "Drainage fluid specimen"
      },
      {
        "code" : "119371008",
        "display" : "Specimen from abscess"
      },
      {
        "code" : "168139001",
        "display" : "Peritoneal fluid specimen"
      },
      {
        "code" : "258528007",
        "display" : "Rectal swab"
      },
      {
        "code" : "258591005",
        "display" : "White blood cell specimen"
      },
      {
        "code" : "432825001",
        "display" : "Body secretion specimen"
      },
      {
        "code" : "258503004",
        "display" : "Skin swab"
      },
      {
        "code" : "119318008",
        "display" : "Water specimen"
      },
      {
        "code" : "122565001",
        "display" : "Urinary catheter specimen"
      },
      {
        "code" : "309210009",
        "display" : "Esophageal brushings specimen"
      },
      {
        "code" : "708049000",
        "display" : "Plasma specimen with ethylenediamine tetraacetic acid"
      },
      {
        "code" : "440473005",
        "display" : "Contact lens submitted as specimen"
      },
      {
        "code" : "446846006",
        "display" : "Urine specimen obtained via indwelling urinary catheter"
      },
      {
        "code" : "258441009",
        "display" : "Exudate specimen"
      },
      {
        "code" : "119350003",
        "display" : "Calculus specimen"
      },
      {
        "code" : "119329007",
        "display" : "Colostrum specimen"
      },
      {
        "code" : "258459007",
        "display" : "Gastric fluid specimen"
      },
      {
        "code" : "258603007",
        "display" : "Specimen from respiratory system"
      },
      {
        "code" : "309176002",
        "display" : "Bronchial brushings specimen"
      },
      {
        "code" : "119300005",
        "display" : "Specimen from blood product"
      },
      {
        "code" : "439961009",
        "display" : "Implant submitted as specimen"
      },
      {
        "code" : "119336008",
        "display" : "Exhaled air specimen"
      },
      {
        "code" : "258482009",
        "display" : "Vesicle fluid specimen"
      },
      {
        "code" : "258498002",
        "display" : "Conjunctival swab"
      },
      {
        "code" : "122572000",
        "display" : "Vomitus specimen"
      },
      {
        "code" : "258500001",
        "display" : "Nasopharyngeal swab"
      },
      {
        "code" : "168141000",
        "display" : "Nasal fluid specimen"
      },
      {
        "code" : "257261003",
        "display" : "Swab"
      },
      {
        "code" : "258411007",
        "display" : "Nasopharyngeal aspirate"
      },
      {
        "code" : "708048008",
        "display" : "Plasma specimen with citrate"
      },
      {
        "code" : "258415003",
        "display" : "Biopsy specimen"
      }]
    }]
  }
}