{
  "resourceType" : "ValueSet",
  "id" : "eHDSIHealthcareProfessionalRole",
  "text" : {
    "status" : "generated",
    "div" : "<div xmlns=\"http://www.w3.org/1999/xhtml\"><p class=\"res-header-id\"><b>Generated Narrative: ValueSet eHDSIHealthcareProfessionalRole</b></p><a name=\"eHDSIHealthcareProfessionalRole\"> </a><a name=\"hceHDSIHealthcareProfessionalRole\"> </a><a name=\"eHDSIHealthcareProfessionalRole-en-US\"> </a><ul><li>Include these codes as defined in <code>urn:oid:2.16.840.1.113883.2.9.6.2.7</code><table class=\"none\"><tr><td style=\"white-space:nowrap\"><b>Code</b></td><td><b>Display</b></td></tr><tr><td>22</td><td>Health professionals</td></tr><tr><td>221</td><td>Medical doctors</td></tr><tr><td>2211</td><td>Generalist medical practitioners</td></tr><tr><td>2212</td><td>Specialist medical practitioners</td></tr><tr><td>222</td><td>Nursing and midwifery professionals</td></tr><tr><td>2221</td><td>Nursing professionals</td></tr><tr><td>2222</td><td>Midwifery professionals</td></tr><tr><td>223</td><td>Traditional and complementary medicine professionals</td></tr><tr><td>224</td><td>Paramedical practitioners</td></tr><tr><td>225</td><td>Veterinarians</td></tr><tr><td>226</td><td>Other health professionals</td></tr><tr><td>2261</td><td>Dentists</td></tr><tr><td>2262</td><td>Pharmacists</td></tr><tr><td>2263</td><td>Environmental and occupational health and hygiene professionals</td></tr><tr><td>2264</td><td>Physiotherapists</td></tr><tr><td>2265</td><td>Dieticians and nutritionists</td></tr><tr><td>2266</td><td>Audiologists and speech therapists</td></tr><tr><td>2267</td><td>Optometrists and ophthalmic opticians</td></tr><tr><td>2269</td><td>Health professionals not elsewhere classified</td></tr><tr><td>32</td><td>Health associate professionals</td></tr><tr><td>321</td><td>Medical and pharmaceutical technicians</td></tr><tr><td>3211</td><td>Medical imaging and therapeutic equipment technicians</td></tr><tr><td>3212</td><td>Medical and pathology laboratory technicians</td></tr><tr><td>3213</td><td>Pharmaceutical technicians and assistants</td></tr><tr><td>3214</td><td>Medical and dental prosthetic technicians</td></tr><tr><td>322</td><td>Nursing and midwifery associate professionals</td></tr><tr><td>3221</td><td>Nursing associate professionals</td></tr><tr><td>3222</td><td>Midwifery associate professionals</td></tr><tr><td>323</td><td>Traditional and complementary medicine associate professionals</td></tr><tr><td>325</td><td>Other health associate professionals</td></tr><tr><td>3251</td><td>Dental assistants and therapists</td></tr><tr><td>3252</td><td>Medical records and health information technicians</td></tr><tr><td>3253</td><td>Community health workers</td></tr><tr><td>3254</td><td>Dispensing opticians</td></tr><tr><td>3255</td><td>Physiotherapy technicians and assistants</td></tr><tr><td>3256</td><td>Medical assistants</td></tr><tr><td>3257</td><td>Environmental and occupational health inspectors and associates</td></tr><tr><td>3258</td><td>Ambulance workers</td></tr><tr><td>3259</td><td>Health associate professionals not elsewhere classified</td></tr></table></li></ul></div>"
  },
  "extension" : [{
    "url" : "http://hl7.org/fhir/StructureDefinition/structuredefinition-fmm",
    "valueInteger" : 1
  },
  {
    "url" : "http://hl7.org/fhir/StructureDefinition/structuredefinition-standards-status",
    "valueCode" : "draft"
  }],
  "url" : "http://terminology.ehdsi.eu/ValueSet/EHDSIHealthcareProfessionalRole",
  "identifier" : [{
    "system" : "urn:ietf:rfc:3986",
    "value" : "urn:oid:1.3.6.1.4.1.12559.11.10.1.3.1.42.1"
  }],
  "version" : "0.0.1",
  "name" : "EHDSIHealthcareProfessionalRole",
  "title" : "eHDSI Healthcare Professional Role",
  "status" : "draft",
  "experimental" : false,
  "date" : "2025-03-03T08:58:37+01:00",
  "publisher" : "SNS",
  "contact" : [{
    "name" : "SNS",
    "telecom" : [{
      "system" : "url",
      "value" : "https://sns.gob.es"
    }]
  }],
  "description" : "This Value Set is used to define Healthcare Professional Role",
  "compose" : {
    "include" : [{
      "system" : "urn:oid:2.16.840.1.113883.2.9.6.2.7",
      "concept" : [{
        "code" : "22",
        "display" : "Health professionals"
      },
      {
        "code" : "221",
        "display" : "Medical doctors"
      },
      {
        "code" : "2211",
        "display" : "Generalist medical practitioners"
      },
      {
        "code" : "2212",
        "display" : "Specialist medical practitioners"
      },
      {
        "code" : "222",
        "display" : "Nursing and midwifery professionals"
      },
      {
        "code" : "2221",
        "display" : "Nursing professionals"
      },
      {
        "code" : "2222",
        "display" : "Midwifery professionals"
      },
      {
        "code" : "223",
        "display" : "Traditional and complementary medicine professionals"
      },
      {
        "code" : "224",
        "display" : "Paramedical practitioners"
      },
      {
        "code" : "225",
        "display" : "Veterinarians"
      },
      {
        "code" : "226",
        "display" : "Other health professionals"
      },
      {
        "code" : "2261",
        "display" : "Dentists"
      },
      {
        "code" : "2262",
        "display" : "Pharmacists"
      },
      {
        "code" : "2263",
        "display" : "Environmental and occupational health and hygiene professionals"
      },
      {
        "code" : "2264",
        "display" : "Physiotherapists"
      },
      {
        "code" : "2265",
        "display" : "Dieticians and nutritionists"
      },
      {
        "code" : "2266",
        "display" : "Audiologists and speech therapists"
      },
      {
        "code" : "2267",
        "display" : "Optometrists and ophthalmic opticians"
      },
      {
        "code" : "2269",
        "display" : "Health professionals not elsewhere classified"
      },
      {
        "code" : "32",
        "display" : "Health associate professionals"
      },
      {
        "code" : "321",
        "display" : "Medical and pharmaceutical technicians"
      },
      {
        "code" : "3211",
        "display" : "Medical imaging and therapeutic equipment technicians"
      },
      {
        "code" : "3212",
        "display" : "Medical and pathology laboratory technicians"
      },
      {
        "code" : "3213",
        "display" : "Pharmaceutical technicians and assistants"
      },
      {
        "code" : "3214",
        "display" : "Medical and dental prosthetic technicians"
      },
      {
        "code" : "322",
        "display" : "Nursing and midwifery associate professionals"
      },
      {
        "code" : "3221",
        "display" : "Nursing associate professionals"
      },
      {
        "code" : "3222",
        "display" : "Midwifery associate professionals"
      },
      {
        "code" : "323",
        "display" : "Traditional and complementary medicine associate professionals"
      },
      {
        "code" : "325",
        "display" : "Other health associate professionals"
      },
      {
        "code" : "3251",
        "display" : "Dental assistants and therapists"
      },
      {
        "code" : "3252",
        "display" : "Medical records and health information technicians"
      },
      {
        "code" : "3253",
        "display" : "Community health workers"
      },
      {
        "code" : "3254",
        "display" : "Dispensing opticians"
      },
      {
        "code" : "3255",
        "display" : "Physiotherapy technicians and assistants"
      },
      {
        "code" : "3256",
        "display" : "Medical assistants"
      },
      {
        "code" : "3257",
        "display" : "Environmental and occupational health inspectors and associates"
      },
      {
        "code" : "3258",
        "display" : "Ambulance workers"
      },
      {
        "code" : "3259",
        "display" : "Health associate professionals not elsewhere classified"
      }]
    }]
  }
}