{
  "resourceType" : "ValueSet",
  "id" : "eHDSIObservationInterpretation",
  "text" : {
    "status" : "extensions",
    "div" : "<div xmlns=\"http://www.w3.org/1999/xhtml\"><p class=\"res-header-id\"><b>Generated Narrative: ValueSet eHDSIObservationInterpretation</b></p><a name=\"eHDSIObservationInterpretation\"> </a><a name=\"hceHDSIObservationInterpretation\"> </a><a name=\"eHDSIObservationInterpretation-en-US\"> </a><ul><li>Include these codes as defined in <a href=\"http://terminology.hl7.org/5.5.0/CodeSystem-v3-ObservationInterpretation.html\"><code>http://terminology.hl7.org/CodeSystem/v3-ObservationInterpretation</code></a><table class=\"none\"><tr><td style=\"white-space:nowrap\"><b>Code</b></td><td><b>Display</b></td><td><b>Definition</b></td></tr><tr><td><a href=\"http://terminology.hl7.org/5.5.0/CodeSystem-v3-ObservationInterpretation.html#v3-ObservationInterpretation-.60\">&lt;</a></td><td>Off scale low</td><td>The result is below the minimum detection limit (the test procedure or equipment is the limiting factor).<br/><br/>Synonyms: Below analytical limit, low off scale.</td></tr><tr><td><a href=\"http://terminology.hl7.org/5.5.0/CodeSystem-v3-ObservationInterpretation.html#v3-ObservationInterpretation-.62\">&gt;</a></td><td>Off scale high</td><td>The result is above the maximum quantifiable limit (the test procedure or equipment is the limiting factor).<br/><br/>Synonyms: Above analytical limit, high off scale.</td></tr><tr><td><a href=\"http://terminology.hl7.org/5.5.0/CodeSystem-v3-ObservationInterpretation.html#v3-ObservationInterpretation-A\">A</a></td><td>Abnormal</td><td>The result or observation value is outside the reference range or expected norm (as defined for the respective test procedure).<br/><br/>\\[Note: Typically applies to non-numeric results.\\]</td></tr><tr><td><a href=\"http://terminology.hl7.org/5.5.0/CodeSystem-v3-ObservationInterpretation.html#v3-ObservationInterpretation-AA\">AA</a></td><td>Critical abnormal</td><td>The result or observation value is outside a reference range or expected norm at a level at which immediate action should be considered for patient safety (as defined for the respective test procedure).<br/><br/>\\[Note: Typically applies to non-numeric results. Analogous to critical/panic limits for numeric results.\\]</td></tr><tr><td><a href=\"http://terminology.hl7.org/5.5.0/CodeSystem-v3-ObservationInterpretation.html#v3-ObservationInterpretation-B\">B</a></td><td>Better</td><td>The current result or observation value has improved compared to the previous result or observation value (the change is significant as defined in the respective test procedure).<br/><br/>\\[Note: This can be applied to quantitative or qualitative observations.\\]</td></tr><tr><td><a href=\"http://terminology.hl7.org/5.5.0/CodeSystem-v3-ObservationInterpretation.html#v3-ObservationInterpretation-CAR\">CAR</a></td><td>Carrier</td><td>The patient is considered as carrier based on the testing results. A carrier is an individual who carries an altered form of a gene which can lead to having a child or offspring in future generations with a genetic disorder.</td></tr><tr><td><a href=\"http://terminology.hl7.org/5.5.0/CodeSystem-v3-ObservationInterpretation.html#v3-ObservationInterpretation-D\">D</a></td><td>Significant change down</td><td>The current result has decreased from the previous result for a quantitative observation (the change is significant as defined in the respective test procedure).</td></tr><tr><td><a href=\"http://terminology.hl7.org/5.5.0/CodeSystem-v3-ObservationInterpretation.html#v3-ObservationInterpretation-DET\">DET</a></td><td>Detected</td><td>The measurement of the specified component / analyte, organism or clinical sign above the limit of detection of the performed test or procedure.</td></tr><tr><td><a href=\"http://terminology.hl7.org/5.5.0/CodeSystem-v3-ObservationInterpretation.html#v3-ObservationInterpretation-E\">E</a></td><td>Equivocal</td><td>The test or procedure was successfully performed, but the results are borderline and can neither be declared positive / negative nor detected / not detected according to the current established criteria.</td></tr><tr><td><a href=\"http://terminology.hl7.org/5.5.0/CodeSystem-v3-ObservationInterpretation.html#v3-ObservationInterpretation-EX\">EX</a></td><td>outside threshold</td><td>The observation/test result is interpreted as being outside the inclusion range for a particular protocol within which the result is being reported.<br/><br/>**Example:** A positive result on a Hepatitis screening test.<br/><br/>*Open Issue:* EX, HX, LX: These three concepts do not seem to meet a clear need in the vocabulary, and their use in observation interpretation appears likely to be covered by other existing concepts (e.g., A, H, L). The only apparent significant difference is their reference to use in protocols for exclusion of study subjects. These concepts/codes were proposed by RCRIM for use in the CTLaboratory message. They were submitted and approved in the November 2005 Harmonization cycle in proposal &quot;030103C\\_VOCAB\\_RCRIM\\_l\\_quade\\_RCRIM Obs Interp\\_20051028154455&quot;. However, this proposal was not fully implemented in the vocabulary. The proposal recommended creation of the x\\_ClinicalResearchExclusion domain in ObservationInterpretation with a value set including those three concepts/codes, but there is no subdomain of that name or equivalent with a binding to either of the value sets that contain these concepts/codes. Members of the OO WG have recently attempted to contact members of RCRIM regarding these concepts, both by email and at the recent WGM in Atlanta, without response. It is felt by OO that the best course of action to take at this time is to add this comprehensive Open Issue rather than deprecate these three concepts at this time, until further discussion is held.</td></tr><tr><td><a href=\"http://terminology.hl7.org/5.5.0/CodeSystem-v3-ObservationInterpretation.html#v3-ObservationInterpretation-EXP\">EXP</a></td><td>Expected</td><td>This result has been evaluated in light of known contraindicators. Once those contraindicators have been taken into account the result is determined to be &quot;Expected&quot; (e.g., presence of drugs in a patient that is taking prescription medication for pain management).</td></tr><tr><td><a href=\"http://terminology.hl7.org/5.5.0/CodeSystem-v3-ObservationInterpretation.html#v3-ObservationInterpretation-H\">H</a></td><td>High</td><td>The result for a quantitative observation is above the upper limit of the reference range (as defined for the respective test procedure).<br/><br/>Synonym: Above high normal</td></tr><tr><td><a href=\"http://terminology.hl7.org/5.5.0/CodeSystem-v3-ObservationInterpretation.html#v3-ObservationInterpretation-HH\">HH</a></td><td>Critical high</td><td>The result for a quantitative observation is above a reference level at which immediate action should be considered for patient safety (as defined for the respective test procedure).<br/><br/>Synonym: Above upper panic limits.</td></tr><tr><td><a href=\"http://terminology.hl7.org/5.5.0/CodeSystem-v3-ObservationInterpretation.html#v3-ObservationInterpretation-HU\">HU</a></td><td>Significantly high</td><td>A test result that is significantly higher than the reference (normal) or therapeutic interval, but has not reached the critically high value and might need special attention, as defined by the laboratory or the clinician.</td></tr><tr><td><a href=\"http://terminology.hl7.org/5.5.0/CodeSystem-v3-ObservationInterpretation.html#v3-ObservationInterpretation-HX\">HX</a></td><td>above high threshold</td><td>The observation/test result is interpreted as being outside the inclusion range for a particular protocol within which the result is being reported.<br/><br/>**Example:** A positive result on a Hepatitis screening test.<br/><br/>*Open Issue:* EX, HX, LX: These three concepts do not seem to meet a clear need in the vocabulary, and their use in observation interpretation appears likely to be covered by other existing concepts (e.g., A, H, L). The only apparent significant difference is their reference to use in protocols for exclusion of study subjects. These concepts/codes were proposed by RCRIM for use in the CTLaboratory message. They were submitted and approved in the November 2005 Harmonization cycle in proposal &quot;030103C\\_VOCAB\\_RCRIM\\_l\\_quade\\_RCRIM Obs Interp\\_20051028154455&quot;. However, this proposal was not fully implemented in the vocabulary. The proposal recommended creation of the x\\_ClinicalResearchExclusion domain in ObservationInterpretation with a value set including those three concepts/codes, but there is no subdomain of that name or equivalent with a binding to either of the value sets that contain these concepts/codes. Members of the OO WG have recently attempted to contact members of RCRIM regarding these concepts, both by email and at the recent WGM in Atlanta, without response. It is felt by OO that the best course of action to take at this time is to add this comprehensive Open Issue rather than deprecate these three concepts at this time, until further discussion is held.</td></tr><tr><td><a href=\"http://terminology.hl7.org/5.5.0/CodeSystem-v3-ObservationInterpretation.html#v3-ObservationInterpretation-I\">I</a></td><td>Intermediate</td><td>Bacterial strain inhibited in vitro by a concentration of an antimicrobial agent that is associated with uncertain therapeutic effect. Reference: CLSI (http://www.clsi.org/Content/NavigationMenu/Resources/HarmonizedTerminologyDatabase/Harmonized\\_Terminolo.htm) Projects: ISO 20776-1, ISO 20776-2<br/><br/>\\[Note 1: Bacterial strains are categorized as intermediate by applying the appropriate breakpoints in a defined phenotypic test system.\\]<br/><br/>\\[Note 2: This class of susceptibility implies that an infection due to the isolate can be appropriately treated in body sites where the drugs are physiologically concentrated or when a high dosage of drug can be used.\\]<br/><br/>\\[Note 3: This class also indicates a &quot;buffer zone,&quot; to prevent small, uncontrolled, technical factors from causing major discrepancies in interpretations.\\]<br/><br/>\\[Note 4: These breakpoints can be altered due to changes in circumstances (e.g., changes in commonly used drug dosages, emergence of new resistance mechanisms).\\]</td></tr><tr><td><a href=\"http://terminology.hl7.org/5.5.0/CodeSystem-v3-ObservationInterpretation.html#v3-ObservationInterpretation-IE\">IE</a></td><td>Insufficient evidence</td><td>There is insufficient evidence that the species in question is a good target for therapy with the drug. A categorical interpretation is not possible.<br/><br/>\\[Note: A MIC with &quot;IE&quot; and/or a comment may be reported (without an accompanying S, I or R-categorization).\\]</td></tr><tr><td><a href=\"http://terminology.hl7.org/5.5.0/CodeSystem-v3-ObservationInterpretation.html#v3-ObservationInterpretation-IND\">IND</a></td><td>Indeterminate</td><td>The specified component / analyte, organism or clinical sign could neither be declared positive / negative nor detected / not detected by the performed test or procedure.<br/><br/>*Usage Note:* For example, if the specimen was degraded, poorly processed, or was missing the required anatomic structures, then &quot;indeterminate&quot; (i.e. &quot;cannot be determined&quot;) is the appropriate response, not &quot;equivocal&quot;.</td></tr><tr><td><a href=\"http://terminology.hl7.org/5.5.0/CodeSystem-v3-ObservationInterpretation.html#v3-ObservationInterpretation-L\">L</a></td><td>Low</td><td>The result for a quantitative observation is below the lower limit of the reference range (as defined for the respective test procedure).<br/><br/>Synonym: Below low normal</td></tr><tr><td><a href=\"http://terminology.hl7.org/5.5.0/CodeSystem-v3-ObservationInterpretation.html#v3-ObservationInterpretation-LL\">LL</a></td><td>Critical low</td><td>The result for a quantitative observation is below a reference level at which immediate action should be considered for patient safety (as defined for the respective test procedure).<br/><br/>Synonym: Below lower panic limits.</td></tr><tr><td><a href=\"http://terminology.hl7.org/5.5.0/CodeSystem-v3-ObservationInterpretation.html#v3-ObservationInterpretation-LU\">LU</a></td><td>Significantly low</td><td>A test result that is significantly lower than the reference (normal) or therapeutic interval, but has not reached the critically low value and might need special attention, as defined by the laboratory or the clinician.</td></tr><tr><td><a href=\"http://terminology.hl7.org/5.5.0/CodeSystem-v3-ObservationInterpretation.html#v3-ObservationInterpretation-LX\">LX</a></td><td>below low threshold</td><td>The numeric observation/test result is interpreted as being below the low threshold value for a particular protocol within which the result is being reported.<br/><br/>**Example:** A Total White Blood Cell Count falling below a protocol-defined threshold value of 3000/mm^3<br/><br/>*Open Issue:* EX, HX, LX: These three concepts do not seem to meet a clear need in the vocabulary, and their use in observation interpretation appears likely to be covered by other existing concepts (e.g., A, H, L). The only apparent significant difference is their reference to use in protocols for exclusion of study subjects. These concepts/codes were proposed by RCRIM for use in the CTLaboratory message. They were submitted and approved in the November 2005 Harmonization cycle in proposal &quot;030103C\\_VOCAB\\_RCRIM\\_l\\_quade\\_RCRIM Obs Interp\\_20051028154455&quot;. However, this proposal was not fully implemented in the vocabulary. The proposal recommended creation of the x\\_ClinicalResearchExclusion domain in ObservationInterpretation with a value set including those three concepts/codes, but there is no subdomain of that name or equivalent with a binding to either of the value sets that contain these concepts/codes. Members of the OO WG have recently attempted to contact members of RCRIM regarding these concepts, both by email and at the recent WGM in Atlanta, without response. It is felt by OO that the best course of action to take at this time is to add this comprehensive Open Issue rather than deprecate these three concepts at this time, until further discussion is held.</td></tr><tr><td><a href=\"http://terminology.hl7.org/5.5.0/CodeSystem-v3-ObservationInterpretation.html#v3-ObservationInterpretation-N\">N</a></td><td>Normal</td><td>The result or observation value is within the reference range or expected norm (as defined for the respective test procedure).<br/><br/>\\[Note: Applies to numeric or non-numeric results.\\]</td></tr><tr><td><a href=\"http://terminology.hl7.org/5.5.0/CodeSystem-v3-ObservationInterpretation.html#v3-ObservationInterpretation-NCL\">NCL</a></td><td>No CLSI defined breakpoint</td><td>Use when not enough clinical trial data published by the Clinical and Laboratory Standards Institutes (CLSI) is available to establish the breakpoints for susceptible / intermediate and resistant.</td></tr><tr><td><a href=\"http://terminology.hl7.org/5.5.0/CodeSystem-v3-ObservationInterpretation.html#v3-ObservationInterpretation-ND\">ND</a></td><td>Not detected</td><td>The presence of the specified component / analyte, organism or clinical sign could not be determined within the limit of detection of the performed test or procedure.</td></tr><tr><td><a href=\"http://terminology.hl7.org/5.5.0/CodeSystem-v3-ObservationInterpretation.html#v3-ObservationInterpretation-NEG\">NEG</a></td><td>Negative</td><td>An absence finding of the specified component / analyte, organism or clinical sign based on the established threshold of the performed test or procedure.<br/><br/>\\[Note: Negative does not necessarily imply the complete absence of the specified item.\\]</td></tr><tr><td><a href=\"http://terminology.hl7.org/5.5.0/CodeSystem-v3-ObservationInterpretation.html#v3-ObservationInterpretation-NR\">NR</a></td><td>Non-reactive</td><td>An absence finding used to indicate that the specified component / analyte did not react measurably with the reagent.</td></tr><tr><td><a href=\"http://terminology.hl7.org/5.5.0/CodeSystem-v3-ObservationInterpretation.html#v3-ObservationInterpretation-NS\">NS</a></td><td>Non-susceptible</td><td>A category used for isolates for which only a susceptible interpretive criterion has been designated because of the absence or rare occurrence of resistant strains. Isolates that have MICs above or zone diameters below the value indicated for the susceptible breakpoint should be reported as non-susceptible.<br/><br/>NOTE 1: An isolate that is interpreted as non-susceptible does not necessarily mean that the isolate has a resistance mechanism. It is possible that isolates with MICs above the susceptible breakpoint that lack resistance mechanisms may be encountered within the wild-type distribution subsequent to the time the susceptible-only breakpoint is set.<br/><br/>NOTE 2: For strains yielding results in the &quot;nonsusceptible&quot; category, organism identification and antimicrobial susceptibility test results should be confirmed.<br/><br/>Synonym: decreased susceptibility.</td></tr><tr><td><a href=\"http://terminology.hl7.org/5.5.0/CodeSystem-v3-ObservationInterpretation.html#v3-ObservationInterpretation-POS\">POS</a></td><td>Positive</td><td>A presence finding of the specified component / analyte, organism or clinical sign based on the established threshold of the performed test or procedure.</td></tr><tr><td><a href=\"http://terminology.hl7.org/5.5.0/CodeSystem-v3-ObservationInterpretation.html#v3-ObservationInterpretation-R\">R</a></td><td>Resistant</td><td>Bacterial strain inhibited in vitro by a concentration of an antimicrobial agent that is associated with a high likelihood of therapeutic failure. Reference: CLSI (http://www.clsi.org/Content/NavigationMenu/Resources/HarmonizedTerminologyDatabase/Harmonized\\_Terminolo.htm) Projects: ISO 20776-1, ISO 20776-2<br/><br/>\\[Note 1: Bacterial strains are categorized as resistant by applying the appropriate breakpoints in a defined phenotypic test system.\\]<br/><br/>\\[Note 2: This breakpoint can be altered due to changes in circumstances (e.g., changes in commonly used drug dosages, emergence of new resistance mechanisms).\\]</td></tr><tr><td><a href=\"http://terminology.hl7.org/5.5.0/CodeSystem-v3-ObservationInterpretation.html#v3-ObservationInterpretation-RR\">RR</a></td><td>Reactive</td><td>A presence finding used to indicate that the specified component / analyte reacted with the reagent above the reliably measurable limit of the performed test.</td></tr><tr><td><a href=\"http://terminology.hl7.org/5.5.0/CodeSystem-v3-ObservationInterpretation.html#v3-ObservationInterpretation-S\">S</a></td><td>Susceptible</td><td>Bacterial strain inhibited by in vitro concentration of an antimicrobial agent that is associated with a high likelihood of therapeutic success. Reference: CLSI (http://www.clsi.org/Content/NavigationMenu/Resources/HarmonizedTerminologyDatabase/Harmonized\\_Terminolo.htm) Synonym (earlier term): Sensitive Projects: ISO 20776-1, ISO 20776-2<br/><br/>\\[Note 1: Bacterial strains are categorized as susceptible by applying the appropriate breakpoints in a defined phenotypic system.\\]<br/><br/>\\[Note 2: This breakpoint can be altered due to changes in circumstances (e.g., changes in commonly used drug dosages, emergence of new resistance mechanisms).\\]</td></tr><tr><td><a href=\"http://terminology.hl7.org/5.5.0/CodeSystem-v3-ObservationInterpretation.html#v3-ObservationInterpretation-U\">U</a></td><td>Significant change up</td><td>The current result has increased from the previous result for a quantitative observation (the change is significant as defined in the respective test procedure).</td></tr><tr><td><a href=\"http://terminology.hl7.org/5.5.0/CodeSystem-v3-ObservationInterpretation.html#v3-ObservationInterpretation-UNE\">UNE</a></td><td>Unexpected</td><td>This result has been evaluated in light of known contraindicators. Once those contraindicators have been taken into account the result is determined to be &quot;Unexpected&quot; (e.g., presence of non-prescribed drugs in a patient that is taking prescription medication for pain management).</td></tr><tr><td><a href=\"http://terminology.hl7.org/5.5.0/CodeSystem-v3-ObservationInterpretation.html#v3-ObservationInterpretation-W\">W</a></td><td>Worse</td><td>The current result or observation value has degraded compared to the previous result or observation value (the change is significant as defined in the respective test procedure).<br/><br/>\\[Note: This can be applied to quantitative or qualitative observations.\\]</td></tr><tr><td><a href=\"http://terminology.hl7.org/5.5.0/CodeSystem-v3-ObservationInterpretation.html#v3-ObservationInterpretation-WR\">WR</a></td><td>Weakly reactive</td><td>A weighted presence finding used to indicate that the specified component / analyte reacted with the reagent, but below the reliably measurable limit of the performed test.</td></tr><tr><td><a href=\"http://terminology.hl7.org/5.5.0/CodeSystem-v3-ObservationInterpretation.html#v3-ObservationInterpretation-SYN-R\">SYN-R</a></td><td>Synergy - resistant</td><td>A category for isolates where the bacteria (e.g. enterococci) are not susceptible in vitro to a combination therapy (e.g., high-level aminoglycoside and cell wall active agent). This is predictive that this combination therapy will not be effective.<br/><br/>*Usage Note:* Since the use of penicillin or ampicillin alone often results in treatment failure of serious enterococcal or other bacterial infections, combination therapy is usually indicated to enhance bactericidal activity. The synergy between a cell wall active agent (such as penicillin, ampicillin, or vancomycin) and an aminoglycoside (such as gentamicin, kanamycin or streptomycin) is best predicted by screening for high-level bacterial resistance to the aminoglycoside.<br/><br/>*Open Issue:* The print name of the code is very general and the description is very specific to a pair of classes of agents, which may lead to confusion of these concepts in the future should other synergies be found.</td></tr><tr><td><a href=\"http://terminology.hl7.org/5.5.0/CodeSystem-v3-ObservationInterpretation.html#v3-ObservationInterpretation-SDD\">SDD</a></td><td>Susceptible-dose dependent</td><td>A category that includes isolates with antimicrobial agent minimum inhibitory concentrations (MICs) that approach usually attainable blood and tissue levels and for which response rates may be lower than for susceptible isolates.<br/><br/>Reference: CLSI document M44-A2 2009 &quot;Method for antifungal disk diffusion susceptibility testing of yeasts; approved guideline - second edition&quot; - page 2.</td></tr><tr><td><a href=\"http://terminology.hl7.org/5.5.0/CodeSystem-v3-ObservationInterpretation.html#v3-ObservationInterpretation-SYN-S\">SYN-S</a></td><td>Synergy - susceptible</td><td>A category for isolates where the bacteria (e.g. enterococci) are susceptible in vitro to a combination therapy (e.g., high-level aminoglycoside and cell wall active agent). This is predictive that this combination therapy will be effective.<br/><br/>*Usage Note:* Since the use of penicillin or ampicillin alone often results in treatment failure of serious enterococcal or other bacterial infections, combination therapy is usually indicated to enhance bactericidal activity. The synergy between a cell wall active agent (such as penicillin, ampicillin, or vancomycin) and an aminoglycoside (such as gentamicin, kanamycin or streptomycin) is best predicted by screening for high-level bacterial resistance to the aminoglycoside.<br/><br/>*Open Issue:* The print name of the code is very general and the description is very specific to a pair of classes of agents, which may lead to confusion of these concepts in the future should other synergies be found.</td></tr></table></li></ul></div>"
  },
  "extension" : [{
    "url" : "http://hl7.org/fhir/StructureDefinition/structuredefinition-fmm",
    "valueInteger" : 1
  },
  {
    "url" : "http://hl7.org/fhir/StructureDefinition/structuredefinition-standards-status",
    "valueCode" : "draft"
  }],
  "url" : "http://terminology.ehdsi.eu/ValueSet/eHDSIObservationInterpretation",
  "identifier" : [{
    "system" : "urn:ietf:rfc:3986",
    "value" : "urn:oid:1.3.6.1.4.1.12559.11.10.1.3.1.42.73"
  }],
  "version" : "0.0.1",
  "name" : "EHDSIObservationInterpretation",
  "title" : "eHDSI Observation Interpretation",
  "status" : "draft",
  "experimental" : false,
  "date" : "2025-03-03T08:58:37+01:00",
  "publisher" : "SNS",
  "contact" : [{
    "name" : "SNS",
    "telecom" : [{
      "system" : "url",
      "value" : "https://sns.gob.es"
    }]
  }],
  "description" : "This Value Set is used for a rough qualitative interpretation of the Laboratory Observation Results",
  "compose" : {
    "include" : [{
      "system" : "http://terminology.hl7.org/CodeSystem/v3-ObservationInterpretation",
      "concept" : [{
        "code" : "<",
        "display" : "Off scale low"
      },
      {
        "code" : ">",
        "display" : "Off scale high"
      },
      {
        "code" : "A",
        "display" : "Abnormal"
      },
      {
        "code" : "AA",
        "display" : "Critical abnormal"
      },
      {
        "code" : "B",
        "display" : "Better"
      },
      {
        "code" : "CAR",
        "display" : "Carrier"
      },
      {
        "code" : "D",
        "display" : "Significant change down"
      },
      {
        "code" : "DET",
        "display" : "Detected"
      },
      {
        "code" : "E",
        "display" : "Equivocal"
      },
      {
        "code" : "EX",
        "display" : "outside threshold"
      },
      {
        "code" : "EXP",
        "display" : "Expected"
      },
      {
        "code" : "H",
        "display" : "High"
      },
      {
        "code" : "HH",
        "display" : "Critical high"
      },
      {
        "code" : "HU",
        "display" : "Significantly high"
      },
      {
        "code" : "HX",
        "display" : "above high threshold"
      },
      {
        "code" : "I",
        "display" : "Intermediate"
      },
      {
        "code" : "IE",
        "display" : "Insufficient evidence"
      },
      {
        "code" : "IND",
        "display" : "Indeterminate"
      },
      {
        "code" : "L",
        "display" : "Low"
      },
      {
        "code" : "LL",
        "display" : "Critical low"
      },
      {
        "code" : "LU",
        "display" : "Significantly low"
      },
      {
        "code" : "LX",
        "display" : "below low threshold"
      },
      {
        "code" : "N",
        "display" : "Normal"
      },
      {
        "code" : "NCL",
        "display" : "No CLSI defined breakpoint"
      },
      {
        "code" : "ND",
        "display" : "Not detected"
      },
      {
        "code" : "NEG",
        "display" : "Negative"
      },
      {
        "code" : "NR",
        "display" : "Non-reactive"
      },
      {
        "code" : "NS",
        "display" : "Non-susceptible"
      },
      {
        "code" : "POS",
        "display" : "Positive"
      },
      {
        "code" : "R",
        "display" : "Resistant"
      },
      {
        "code" : "RR",
        "display" : "Reactive"
      },
      {
        "code" : "S",
        "display" : "Susceptible"
      },
      {
        "code" : "U",
        "display" : "Significant change up"
      },
      {
        "code" : "UNE",
        "display" : "Unexpected"
      },
      {
        "code" : "W",
        "display" : "Worse"
      },
      {
        "code" : "WR",
        "display" : "Weakly reactive"
      },
      {
        "code" : "SYN-R",
        "display" : "Synergy - resistant"
      },
      {
        "code" : "SDD",
        "display" : "Susceptible-dose dependent"
      },
      {
        "code" : "SYN-S",
        "display" : "Synergy - susceptible"
      }]
    }]
  }
}