{
  "resourceType" : "ValueSet",
  "id" : "eHDSIObservationInterpretationWithExceptions",
  "text" : {
    "status" : "generated",
    "div" : "<div xmlns=\"http://www.w3.org/1999/xhtml\"><p class=\"res-header-id\"><b>Generated Narrative: ValueSet eHDSIObservationInterpretationWithExceptions</b></p><a name=\"eHDSIObservationInterpretationWithExceptions\"> </a><a name=\"hceHDSIObservationInterpretationWithExceptions\"> </a><a name=\"eHDSIObservationInterpretationWithExceptions-en-US\"> </a><p>This value set includes codes based on the following rules:</p><ul><li>Import all the codes that are contained in <a href=\"ValueSet-eHDSIExceptionalValue.html\">eHDSI Exceptional Value</a></li><li>Import all the codes that are contained in <a href=\"ValueSet-eHDSIObservationInterpretation.html\">eHDSI Observation Interpretation</a></li></ul></div>"
  },
  "extension" : [{
    "url" : "http://hl7.org/fhir/StructureDefinition/structuredefinition-fmm",
    "valueInteger" : 1
  },
  {
    "url" : "http://hl7.org/fhir/StructureDefinition/structuredefinition-standards-status",
    "valueCode" : "draft"
  }],
  "url" : "http://fhir.ehdsi.eu/laboratory/ValueSet/eHDSIObservationInterpretationWithExceptions",
  "version" : "0.0.1",
  "name" : "EHDSIObservationInterpretationWithExceptions",
  "title" : "eHDSI Observation Interpretation with exceptions",
  "status" : "draft",
  "experimental" : false,
  "date" : "2025-03-03T08:58:37+01:00",
  "publisher" : "SNS",
  "contact" : [{
    "name" : "SNS",
    "telecom" : [{
      "system" : "url",
      "value" : "https://sns.gob.es"
    }]
  }],
  "description" : "This Value Set is used for a rough qualitative interpretation of the Laboratory Observation Results.\nIt also includes exceptional values.",
  "compose" : {
    "include" : [{
      "valueSet" : ["http://terminology.ehdsi.eu/ValueSet/eHDSIExceptionalValue"]
    },
    {
      "valueSet" : ["http://terminology.ehdsi.eu/ValueSet/eHDSIObservationInterpretation"]
    }]
  }
}