{
  "resourceType" : "ValueSet",
  "id" : "eHDSILabCodeWithExceptions",
  "text" : {
    "status" : "generated",
    "div" : "<div xmlns=\"http://www.w3.org/1999/xhtml\"><p class=\"res-header-id\"><b>Generated Narrative: ValueSet eHDSILabCodeWithExceptions</b></p><a name=\"eHDSILabCodeWithExceptions\"> </a><a name=\"hceHDSILabCodeWithExceptions\"> </a><a name=\"eHDSILabCodeWithExceptions-en-US\"> </a><p>This value set includes codes based on the following rules:</p><ul><li>Import all the codes that are contained in <a href=\"ValueSet-eHDSIExceptionalValue.html\">eHDSI Exceptional Value</a></li><li>Import all the codes that are contained in <a href=\"ValueSet-eHDSILabCode.html\">eHDSI Laboratory Codes</a></li></ul></div>"
  },
  "extension" : [{
    "url" : "http://hl7.org/fhir/StructureDefinition/structuredefinition-fmm",
    "valueInteger" : 1
  },
  {
    "url" : "http://hl7.org/fhir/StructureDefinition/structuredefinition-standards-status",
    "valueCode" : "draft"
  }],
  "url" : "http://fhir.ehdsi.eu/laboratory/ValueSet/eHDSILabCodeWithExceptions",
  "version" : "0.0.1",
  "name" : "EHDSILabCodeWithExceptions",
  "title" : "eHDSI Laboratory Codes with exceptions",
  "status" : "draft",
  "experimental" : false,
  "date" : "2025-03-03T08:58:37+01:00",
  "publisher" : "SNS",
  "contact" : [{
    "name" : "SNS",
    "telecom" : [{
      "system" : "url",
      "value" : "https://sns.gob.es"
    }]
  }],
  "description" : "This Value Set is used for the standard laboratory codes.\nIt also includes exceptional values.",
  "copyright" : "This material contains content from LOINC (http://loinc.org). LOINC is copyright © 1995-2020, Regenstrief Institute, Inc. and the Logical Observation Identifiers Names and Codes (LOINC) Committee and is available at no cost under the license at http://loinc.org/license. LOINC® is a registered United States trademark of Regenstrief Institute, Inc",
  "compose" : {
    "include" : [{
      "valueSet" : ["http://terminology.ehdsi.eu/ValueSet/eHDSIExceptionalValue"]
    },
    {
      "valueSet" : ["http://terminology.ehdsi.eu/ValueSet/eHDSILabCode"]
    }]
  }
}